exp,execution,benchmark,size_of_data,schedule,chunk_size,num_threads,version,num_threads,N,ORIG,OMP
schedule-test,1,vectoradd,1048576,STATIC,16,1,OMP,1,1048576,6932000,19800000
schedule-test,2,vectoradd,1048576,STATIC,16,1,OMP,1,1048576,6451000,21273000
schedule-test,3,vectoradd,1048576,STATIC,16,1,OMP,1,1048576,7367000,21232000
schedule-test,4,vectoradd,1048576,STATIC,16,1,OMP,1,1048576,6908000,20093000
schedule-test,5,vectoradd,1048576,STATIC,16,1,OMP,1,1048576,10978000,21663000
schedule-test,6,vectoradd,1048576,STATIC,16,1,OMP,1,1048576,11163000,28190000
schedule-test,7,vectoradd,1048576,STATIC,16,1,OMP,1,1048576,11187000,27190000
schedule-test,8,vectoradd,1048576,STATIC,16,1,OMP,1,1048576,6957000,21818000
schedule-test,9,vectoradd,1048576,STATIC,16,1,OMP,1,1048576,6679000,21587000
schedule-test,10,vectoradd,1048576,STATIC,16,1,OMP,1,1048576,9453000,22812000
schedule-test,1,vectoradd,1048576,STATIC,32,1,OMP,1,1048576,7730000,23636000
schedule-test,2,vectoradd,1048576,STATIC,32,1,OMP,1,1048576,7382000,22428000
schedule-test,3,vectoradd,1048576,STATIC,32,1,OMP,1,1048576,7065000,21440000
schedule-test,4,vectoradd,1048576,STATIC,32,1,OMP,1,1048576,12421000,23717000
schedule-test,5,vectoradd,1048576,STATIC,32,1,OMP,1,1048576,10670000,25329000
schedule-test,6,vectoradd,1048576,STATIC,32,1,OMP,1,1048576,10558000,24173000
schedule-test,7,vectoradd,1048576,STATIC,32,1,OMP,1,1048576,13180000,27229000
schedule-test,8,vectoradd,1048576,STATIC,32,1,OMP,1,1048576,10289000,21376000
schedule-test,9,vectoradd,1048576,STATIC,32,1,OMP,1,1048576,6861000,22082000
schedule-test,10,vectoradd,1048576,STATIC,32,1,OMP,1,1048576,9688000,23111000
schedule-test,1,vectoradd,1048576,STATIC,64,1,OMP,1,1048576,9147000,23615000
schedule-test,2,vectoradd,1048576,STATIC,64,1,OMP,1,1048576,8554000,22013000
schedule-test,3,vectoradd,1048576,STATIC,64,1,OMP,1,1048576,8046000,22208000
schedule-test,4,vectoradd,1048576,STATIC,64,1,OMP,1,1048576,12037000,26239000
schedule-test,5,vectoradd,1048576,STATIC,64,1,OMP,1,1048576,12839000,27984000
schedule-test,6,vectoradd,1048576,STATIC,64,1,OMP,1,1048576,11975000,38352000
schedule-test,7,vectoradd,1048576,STATIC,64,1,OMP,1,1048576,7300000,21862000
schedule-test,8,vectoradd,1048576,STATIC,64,1,OMP,1,1048576,8452000,22813000
schedule-test,9,vectoradd,1048576,STATIC,64,1,OMP,1,1048576,10354000,24164000
schedule-test,10,vectoradd,1048576,STATIC,64,1,OMP,1,1048576,7008000,22755000
schedule-test,1,vectoradd,1048576,STATIC,128,1,OMP,1,1048576,15746000,35417000
schedule-test,2,vectoradd,1048576,STATIC,128,1,OMP,1,1048576,16090000,27131000
schedule-test,3,vectoradd,1048576,STATIC,128,1,OMP,1,1048576,7519000,22999000
schedule-test,4,vectoradd,1048576,STATIC,128,1,OMP,1,1048576,10686000,24222000
schedule-test,5,vectoradd,1048576,STATIC,128,1,OMP,1,1048576,14172000,27294000
schedule-test,6,vectoradd,1048576,STATIC,128,1,OMP,1,1048576,12116000,24806000
schedule-test,7,vectoradd,1048576,STATIC,128,1,OMP,1,1048576,11572000,26936000
schedule-test,8,vectoradd,1048576,STATIC,128,1,OMP,1,1048576,11396000,24305000
schedule-test,9,vectoradd,1048576,STATIC,128,1,OMP,1,1048576,8616000,21743000
schedule-test,10,vectoradd,1048576,STATIC,128,1,OMP,1,1048576,9589000,24501000
schedule-test,1,vectoradd,1048576,STATIC,256,1,OMP,1,1048576,7607000,24167000
schedule-test,2,vectoradd,1048576,STATIC,256,1,OMP,1,1048576,10085000,23719000
schedule-test,3,vectoradd,1048576,STATIC,256,1,OMP,1,1048576,7547000,22771000
schedule-test,4,vectoradd,1048576,STATIC,256,1,OMP,1,1048576,7215000,21852000
schedule-test,5,vectoradd,1048576,STATIC,256,1,OMP,1,1048576,7933000,22316000
schedule-test,6,vectoradd,1048576,STATIC,256,1,OMP,1,1048576,7765000,24058000
schedule-test,7,vectoradd,1048576,STATIC,256,1,OMP,1,1048576,9333000,21271000
schedule-test,8,vectoradd,1048576,STATIC,256,1,OMP,1,1048576,12549000,24572000
schedule-test,9,vectoradd,1048576,STATIC,256,1,OMP,1,1048576,10010000,25329000
schedule-test,10,vectoradd,1048576,STATIC,256,1,OMP,1,1048576,11234000,26535000
schedule-test,1,vectoradd,1048576,DYNAMIC,16,1,OMP,1,1048576,12567000,7157000
schedule-test,2,vectoradd,1048576,DYNAMIC,16,1,OMP,1,1048576,12063000,6060000
schedule-test,3,vectoradd,1048576,DYNAMIC,16,1,OMP,1,1048576,7829000,5942000
schedule-test,4,vectoradd,1048576,DYNAMIC,16,1,OMP,1,1048576,12863000,7154000
schedule-test,5,vectoradd,1048576,DYNAMIC,16,1,OMP,1,1048576,10048000,5354000
schedule-test,6,vectoradd,1048576,DYNAMIC,16,1,OMP,1,1048576,6930000,5335000
schedule-test,7,vectoradd,1048576,DYNAMIC,16,1,OMP,1,1048576,10119000,5971000
schedule-test,8,vectoradd,1048576,DYNAMIC,16,1,OMP,1,1048576,9148000,5733000
schedule-test,9,vectoradd,1048576,DYNAMIC,16,1,OMP,1,1048576,11773000,7306000
schedule-test,10,vectoradd,1048576,DYNAMIC,16,1,OMP,1,1048576,14422000,8086000
schedule-test,1,vectoradd,1048576,DYNAMIC,32,1,OMP,1,1048576,6636000,6664000
schedule-test,2,vectoradd,1048576,DYNAMIC,32,1,OMP,1,1048576,6941000,5434000
schedule-test,3,vectoradd,1048576,DYNAMIC,32,1,OMP,1,1048576,7223000,6446000
schedule-test,4,vectoradd,1048576,DYNAMIC,32,1,OMP,1,1048576,11183000,6781000
schedule-test,5,vectoradd,1048576,DYNAMIC,32,1,OMP,1,1048576,8404000,4821000
schedule-test,6,vectoradd,1048576,DYNAMIC,32,1,OMP,1,1048576,9707000,6114000
schedule-test,7,vectoradd,1048576,DYNAMIC,32,1,OMP,1,1048576,10640000,5153000
schedule-test,8,vectoradd,1048576,DYNAMIC,32,1,OMP,1,1048576,13808000,7722000
schedule-test,9,vectoradd,1048576,DYNAMIC,32,1,OMP,1,1048576,9005000,5631000
schedule-test,10,vectoradd,1048576,DYNAMIC,32,1,OMP,1,1048576,11636000,7348000
schedule-test,1,vectoradd,1048576,DYNAMIC,64,1,OMP,1,1048576,6770000,4529000
schedule-test,2,vectoradd,1048576,DYNAMIC,64,1,OMP,1,1048576,8771000,5123000
schedule-test,3,vectoradd,1048576,DYNAMIC,64,1,OMP,1,1048576,10236000,5867000
schedule-test,4,vectoradd,1048576,DYNAMIC,64,1,OMP,1,1048576,11030000,6002000
schedule-test,5,vectoradd,1048576,DYNAMIC,64,1,OMP,1,1048576,12323000,7337000
schedule-test,6,vectoradd,1048576,DYNAMIC,64,1,OMP,1,1048576,10786000,5943000
schedule-test,7,vectoradd,1048576,DYNAMIC,64,1,OMP,1,1048576,10747000,6227000
schedule-test,8,vectoradd,1048576,DYNAMIC,64,1,OMP,1,1048576,10716000,5470000
schedule-test,9,vectoradd,1048576,DYNAMIC,64,1,OMP,1,1048576,11861000,6360000
schedule-test,10,vectoradd,1048576,DYNAMIC,64,1,OMP,1,1048576,9034000,5059000
schedule-test,1,vectoradd,1048576,DYNAMIC,128,1,OMP,1,1048576,7353000,4588000
schedule-test,2,vectoradd,1048576,DYNAMIC,128,1,OMP,1,1048576,10496000,5058000
schedule-test,3,vectoradd,1048576,DYNAMIC,128,1,OMP,1,1048576,9197000,4105000
schedule-test,4,vectoradd,1048576,DYNAMIC,128,1,OMP,1,1048576,10794000,8330000
schedule-test,5,vectoradd,1048576,DYNAMIC,128,1,OMP,1,1048576,11195000,7001000
schedule-test,6,vectoradd,1048576,DYNAMIC,128,1,OMP,1,1048576,11877000,6857000
schedule-test,7,vectoradd,1048576,DYNAMIC,128,1,OMP,1,1048576,10635000,5128000
schedule-test,8,vectoradd,1048576,DYNAMIC,128,1,OMP,1,1048576,9436000,5511000
schedule-test,9,vectoradd,1048576,DYNAMIC,128,1,OMP,1,1048576,11252000,6061000
schedule-test,10,vectoradd,1048576,DYNAMIC,128,1,OMP,1,1048576,10281000,4849000
schedule-test,1,vectoradd,1048576,DYNAMIC,256,1,OMP,1,1048576,6763000,5813000
schedule-test,2,vectoradd,1048576,DYNAMIC,256,1,OMP,1,1048576,10996000,5767000
schedule-test,3,vectoradd,1048576,DYNAMIC,256,1,OMP,1,1048576,10627000,5482000
schedule-test,4,vectoradd,1048576,DYNAMIC,256,1,OMP,1,1048576,11109000,6408000
schedule-test,5,vectoradd,1048576,DYNAMIC,256,1,OMP,1,1048576,13810000,5946000
schedule-test,6,vectoradd,1048576,DYNAMIC,256,1,OMP,1,1048576,13087000,8399000
schedule-test,7,vectoradd,1048576,DYNAMIC,256,1,OMP,1,1048576,16248000,9750000
schedule-test,8,vectoradd,1048576,DYNAMIC,256,1,OMP,1,1048576,7406000,4725000
schedule-test,9,vectoradd,1048576,DYNAMIC,256,1,OMP,1,1048576,12954000,9331000
schedule-test,10,vectoradd,1048576,DYNAMIC,256,1,OMP,1,1048576,10749000,7197000
schedule-test,1,vectoradd,1048576,GUIDED,16,1,OMP,1,1048576,7613000,3636000
schedule-test,2,vectoradd,1048576,GUIDED,16,1,OMP,1,1048576,6719000,3670000
schedule-test,3,vectoradd,1048576,GUIDED,16,1,OMP,1,1048576,8447000,5936000
schedule-test,4,vectoradd,1048576,GUIDED,16,1,OMP,1,1048576,10692000,5922000
schedule-test,5,vectoradd,1048576,GUIDED,16,1,OMP,1,1048576,7446000,3838000
schedule-test,6,vectoradd,1048576,GUIDED,16,1,OMP,1,1048576,10312000,6171000
schedule-test,7,vectoradd,1048576,GUIDED,16,1,OMP,1,1048576,9420000,7550000
schedule-test,8,vectoradd,1048576,GUIDED,16,1,OMP,1,1048576,10389000,5835000
schedule-test,9,vectoradd,1048576,GUIDED,16,1,OMP,1,1048576,11107000,4424000
schedule-test,10,vectoradd,1048576,GUIDED,16,1,OMP,1,1048576,11080000,6684000
schedule-test,1,vectoradd,1048576,GUIDED,32,1,OMP,1,1048576,7113000,3829000
schedule-test,2,vectoradd,1048576,GUIDED,32,1,OMP,1,1048576,8615000,5484000
schedule-test,3,vectoradd,1048576,GUIDED,32,1,OMP,1,1048576,10742000,4684000
schedule-test,4,vectoradd,1048576,GUIDED,32,1,OMP,1,1048576,11737000,4648000
schedule-test,5,vectoradd,1048576,GUIDED,32,1,OMP,1,1048576,11433000,7016000
schedule-test,6,vectoradd,1048576,GUIDED,32,1,OMP,1,1048576,9611000,3666000
schedule-test,7,vectoradd,1048576,GUIDED,32,1,OMP,1,1048576,10287000,6796000
schedule-test,8,vectoradd,1048576,GUIDED,32,1,OMP,1,1048576,10971000,11162000
schedule-test,9,vectoradd,1048576,GUIDED,32,1,OMP,1,1048576,10307000,5881000
schedule-test,10,vectoradd,1048576,GUIDED,32,1,OMP,1,1048576,6578000,4413000
schedule-test,1,vectoradd,1048576,GUIDED,64,1,OMP,1,1048576,8488000,3681000
schedule-test,2,vectoradd,1048576,GUIDED,64,1,OMP,1,1048576,6875000,4078000
schedule-test,3,vectoradd,1048576,GUIDED,64,1,OMP,1,1048576,8893000,3699000
schedule-test,4,vectoradd,1048576,GUIDED,64,1,OMP,1,1048576,6991000,3839000
schedule-test,5,vectoradd,1048576,GUIDED,64,1,OMP,1,1048576,9568000,5658000
schedule-test,6,vectoradd,1048576,GUIDED,64,1,OMP,1,1048576,11119000,7830000
schedule-test,7,vectoradd,1048576,GUIDED,64,1,OMP,1,1048576,7005000,3851000
schedule-test,8,vectoradd,1048576,GUIDED,64,1,OMP,1,1048576,9493000,6167000
schedule-test,9,vectoradd,1048576,GUIDED,64,1,OMP,1,1048576,9261000,5099000
schedule-test,10,vectoradd,1048576,GUIDED,64,1,OMP,1,1048576,11026000,5166000
schedule-test,1,vectoradd,1048576,GUIDED,128,1,OMP,1,1048576,7809000,6253000
schedule-test,2,vectoradd,1048576,GUIDED,128,1,OMP,1,1048576,11765000,7428000
schedule-test,3,vectoradd,1048576,GUIDED,128,1,OMP,1,1048576,10671000,6037000
schedule-test,4,vectoradd,1048576,GUIDED,128,1,OMP,1,1048576,11264000,4786000
schedule-test,5,vectoradd,1048576,GUIDED,128,1,OMP,1,1048576,11534000,5978000
schedule-test,6,vectoradd,1048576,GUIDED,128,1,OMP,1,1048576,7669000,3721000
schedule-test,7,vectoradd,1048576,GUIDED,128,1,OMP,1,1048576,7137000,3648000
schedule-test,8,vectoradd,1048576,GUIDED,128,1,OMP,1,1048576,7282000,3667000
schedule-test,9,vectoradd,1048576,GUIDED,128,1,OMP,1,1048576,9600000,5699000
schedule-test,10,vectoradd,1048576,GUIDED,128,1,OMP,1,1048576,11122000,4832000
schedule-test,1,vectoradd,1048576,GUIDED,256,1,OMP,1,1048576,10847000,5753000
schedule-test,2,vectoradd,1048576,GUIDED,256,1,OMP,1,1048576,9958000,4433000
schedule-test,3,vectoradd,1048576,GUIDED,256,1,OMP,1,1048576,10593000,4354000
schedule-test,4,vectoradd,1048576,GUIDED,256,1,OMP,1,1048576,7740000,5716000
schedule-test,5,vectoradd,1048576,GUIDED,256,1,OMP,1,1048576,11722000,4074000
schedule-test,6,vectoradd,1048576,GUIDED,256,1,OMP,1,1048576,12747000,6404000
schedule-test,7,vectoradd,1048576,GUIDED,256,1,OMP,1,1048576,11657000,6120000
schedule-test,8,vectoradd,1048576,GUIDED,256,1,OMP,1,1048576,10764000,4606000
schedule-test,9,vectoradd,1048576,GUIDED,256,1,OMP,1,1048576,10908000,6087000
schedule-test,10,vectoradd,1048576,GUIDED,256,1,OMP,1,1048576,11081000,7854000
schedule-test,1,vectoradd,1048576,STATIC,16,2,OMP,2,1048576,9404000,16289000
schedule-test,2,vectoradd,1048576,STATIC,16,2,OMP,2,1048576,10688000,28589000
schedule-test,3,vectoradd,1048576,STATIC,16,2,OMP,2,1048576,7218000,23635000
schedule-test,4,vectoradd,1048576,STATIC,16,2,OMP,2,1048576,7471000,26791000
schedule-test,5,vectoradd,1048576,STATIC,16,2,OMP,2,1048576,8498000,24482000
schedule-test,6,vectoradd,1048576,STATIC,16,2,OMP,2,1048576,7583000,14203000
schedule-test,7,vectoradd,1048576,STATIC,16,2,OMP,2,1048576,6959000,18375000
schedule-test,8,vectoradd,1048576,STATIC,16,2,OMP,2,1048576,9258000,38598000
schedule-test,9,vectoradd,1048576,STATIC,16,2,OMP,2,1048576,10407000,30271000
schedule-test,10,vectoradd,1048576,STATIC,16,2,OMP,2,1048576,10472000,26662000
schedule-test,1,vectoradd,1048576,STATIC,32,2,OMP,2,1048576,10328000,14905000
schedule-test,2,vectoradd,1048576,STATIC,32,2,OMP,2,1048576,9413000,21686000
schedule-test,3,vectoradd,1048576,STATIC,32,2,OMP,2,1048576,7725000,24576000
schedule-test,4,vectoradd,1048576,STATIC,32,2,OMP,2,1048576,8514000,25330000
schedule-test,5,vectoradd,1048576,STATIC,32,2,OMP,2,1048576,7203000,21583000
schedule-test,6,vectoradd,1048576,STATIC,32,2,OMP,2,1048576,6502000,16375000
schedule-test,7,vectoradd,1048576,STATIC,32,2,OMP,2,1048576,6832000,33797000
schedule-test,8,vectoradd,1048576,STATIC,32,2,OMP,2,1048576,6842000,25325000
schedule-test,9,vectoradd,1048576,STATIC,32,2,OMP,2,1048576,9923000,30151000
schedule-test,10,vectoradd,1048576,STATIC,32,2,OMP,2,1048576,9102000,15360000
schedule-test,1,vectoradd,1048576,STATIC,64,2,OMP,2,1048576,7694000,34274000
schedule-test,2,vectoradd,1048576,STATIC,64,2,OMP,2,1048576,8992000,37288000
schedule-test,3,vectoradd,1048576,STATIC,64,2,OMP,2,1048576,7170000,34421000
schedule-test,4,vectoradd,1048576,STATIC,64,2,OMP,2,1048576,12175000,28148000
schedule-test,5,vectoradd,1048576,STATIC,64,2,OMP,2,1048576,10684000,23992000
schedule-test,6,vectoradd,1048576,STATIC,64,2,OMP,2,1048576,11210000,19636000
schedule-test,7,vectoradd,1048576,STATIC,64,2,OMP,2,1048576,11043000,33536000
schedule-test,8,vectoradd,1048576,STATIC,64,2,OMP,2,1048576,8578000,29076000
schedule-test,9,vectoradd,1048576,STATIC,64,2,OMP,2,1048576,8494000,23070000
schedule-test,10,vectoradd,1048576,STATIC,64,2,OMP,2,1048576,8324000,14971000
schedule-test,1,vectoradd,1048576,STATIC,128,2,OMP,2,1048576,11423000,32453000
schedule-test,2,vectoradd,1048576,STATIC,128,2,OMP,2,1048576,11622000,28040000
schedule-test,3,vectoradd,1048576,STATIC,128,2,OMP,2,1048576,11825000,30039000
schedule-test,4,vectoradd,1048576,STATIC,128,2,OMP,2,1048576,11685000,24189000
schedule-test,5,vectoradd,1048576,STATIC,128,2,OMP,2,1048576,8991000,26246000
schedule-test,6,vectoradd,1048576,STATIC,128,2,OMP,2,1048576,8872000,27542000
schedule-test,7,vectoradd,1048576,STATIC,128,2,OMP,2,1048576,10296000,24603000
schedule-test,8,vectoradd,1048576,STATIC,128,2,OMP,2,1048576,12653000,36385000
schedule-test,9,vectoradd,1048576,STATIC,128,2,OMP,2,1048576,11574000,24350000
schedule-test,10,vectoradd,1048576,STATIC,128,2,OMP,2,1048576,7232000,36994000
schedule-test,1,vectoradd,1048576,STATIC,256,2,OMP,2,1048576,6755000,24361000
schedule-test,2,vectoradd,1048576,STATIC,256,2,OMP,2,1048576,8128000,23333000
schedule-test,3,vectoradd,1048576,STATIC,256,2,OMP,2,1048576,7177000,14494000
schedule-test,4,vectoradd,1048576,STATIC,256,2,OMP,2,1048576,11633000,28387000
schedule-test,5,vectoradd,1048576,STATIC,256,2,OMP,2,1048576,7967000,19939000
schedule-test,6,vectoradd,1048576,STATIC,256,2,OMP,2,1048576,11598000,21401000
schedule-test,7,vectoradd,1048576,STATIC,256,2,OMP,2,1048576,9815000,29954000
schedule-test,8,vectoradd,1048576,STATIC,256,2,OMP,2,1048576,10005000,37056000
schedule-test,9,vectoradd,1048576,STATIC,256,2,OMP,2,1048576,6740000,32888000
schedule-test,10,vectoradd,1048576,STATIC,256,2,OMP,2,1048576,7742000,14332000
schedule-test,1,vectoradd,1048576,DYNAMIC,16,2,OMP,2,1048576,8684000,5143000
schedule-test,2,vectoradd,1048576,DYNAMIC,16,2,OMP,2,1048576,10742000,5336000
schedule-test,3,vectoradd,1048576,DYNAMIC,16,2,OMP,2,1048576,6765000,4289000
schedule-test,4,vectoradd,1048576,DYNAMIC,16,2,OMP,2,1048576,9081000,4755000
schedule-test,5,vectoradd,1048576,DYNAMIC,16,2,OMP,2,1048576,9526000,5875000
schedule-test,6,vectoradd,1048576,DYNAMIC,16,2,OMP,2,1048576,10442000,5534000
schedule-test,7,vectoradd,1048576,DYNAMIC,16,2,OMP,2,1048576,10397000,10474000
schedule-test,8,vectoradd,1048576,DYNAMIC,16,2,OMP,2,1048576,13284000,17665000
schedule-test,9,vectoradd,1048576,DYNAMIC,16,2,OMP,2,1048576,7326000,4454000
schedule-test,10,vectoradd,1048576,DYNAMIC,16,2,OMP,2,1048576,7207000,4977000
schedule-test,1,vectoradd,1048576,DYNAMIC,32,2,OMP,2,1048576,9856000,4586000
schedule-test,2,vectoradd,1048576,DYNAMIC,32,2,OMP,2,1048576,8261000,4128000
schedule-test,3,vectoradd,1048576,DYNAMIC,32,2,OMP,2,1048576,9164000,4049000
schedule-test,4,vectoradd,1048576,DYNAMIC,32,2,OMP,2,1048576,8329000,4002000
schedule-test,5,vectoradd,1048576,DYNAMIC,32,2,OMP,2,1048576,7559000,3743000
schedule-test,6,vectoradd,1048576,DYNAMIC,32,2,OMP,2,1048576,10445000,9009000
schedule-test,7,vectoradd,1048576,DYNAMIC,32,2,OMP,2,1048576,6911000,5056000
schedule-test,8,vectoradd,1048576,DYNAMIC,32,2,OMP,2,1048576,10549000,4095000
schedule-test,9,vectoradd,1048576,DYNAMIC,32,2,OMP,2,1048576,8578000,6380000
schedule-test,10,vectoradd,1048576,DYNAMIC,32,2,OMP,2,1048576,10666000,6918000
schedule-test,1,vectoradd,1048576,DYNAMIC,64,2,OMP,2,1048576,11603000,7630000
schedule-test,2,vectoradd,1048576,DYNAMIC,64,2,OMP,2,1048576,11951000,5158000
schedule-test,3,vectoradd,1048576,DYNAMIC,64,2,OMP,2,1048576,9162000,3945000
schedule-test,4,vectoradd,1048576,DYNAMIC,64,2,OMP,2,1048576,10656000,3993000
schedule-test,5,vectoradd,1048576,DYNAMIC,64,2,OMP,2,1048576,9345000,3823000
schedule-test,6,vectoradd,1048576,DYNAMIC,64,2,OMP,2,1048576,11857000,4727000
schedule-test,7,vectoradd,1048576,DYNAMIC,64,2,OMP,2,1048576,12739000,4694000
schedule-test,8,vectoradd,1048576,DYNAMIC,64,2,OMP,2,1048576,10022000,5198000
schedule-test,9,vectoradd,1048576,DYNAMIC,64,2,OMP,2,1048576,11458000,14465000
schedule-test,10,vectoradd,1048576,DYNAMIC,64,2,OMP,2,1048576,6934000,3807000
schedule-test,1,vectoradd,1048576,DYNAMIC,128,2,OMP,2,1048576,7199000,3991000
schedule-test,2,vectoradd,1048576,DYNAMIC,128,2,OMP,2,1048576,12951000,8348000
schedule-test,3,vectoradd,1048576,DYNAMIC,128,2,OMP,2,1048576,10797000,4974000
schedule-test,4,vectoradd,1048576,DYNAMIC,128,2,OMP,2,1048576,12701000,7932000
schedule-test,5,vectoradd,1048576,DYNAMIC,128,2,OMP,2,1048576,11707000,4650000
schedule-test,6,vectoradd,1048576,DYNAMIC,128,2,OMP,2,1048576,9788000,4402000
schedule-test,7,vectoradd,1048576,DYNAMIC,128,2,OMP,2,1048576,11734000,4340000
schedule-test,8,vectoradd,1048576,DYNAMIC,128,2,OMP,2,1048576,9454000,4032000
schedule-test,9,vectoradd,1048576,DYNAMIC,128,2,OMP,2,1048576,12073000,4276000
schedule-test,10,vectoradd,1048576,DYNAMIC,128,2,OMP,2,1048576,11205000,3554000
schedule-test,1,vectoradd,1048576,DYNAMIC,256,2,OMP,2,1048576,7101000,4361000
schedule-test,2,vectoradd,1048576,DYNAMIC,256,2,OMP,2,1048576,8797000,3494000
schedule-test,3,vectoradd,1048576,DYNAMIC,256,2,OMP,2,1048576,9343000,6227000
schedule-test,4,vectoradd,1048576,DYNAMIC,256,2,OMP,2,1048576,10853000,6357000
schedule-test,5,vectoradd,1048576,DYNAMIC,256,2,OMP,2,1048576,9839000,3617000
schedule-test,6,vectoradd,1048576,DYNAMIC,256,2,OMP,2,1048576,11057000,3934000
schedule-test,7,vectoradd,1048576,DYNAMIC,256,2,OMP,2,1048576,14379000,8866000
schedule-test,8,vectoradd,1048576,DYNAMIC,256,2,OMP,2,1048576,9411000,8035000
schedule-test,9,vectoradd,1048576,DYNAMIC,256,2,OMP,2,1048576,8372000,3868000
schedule-test,10,vectoradd,1048576,DYNAMIC,256,2,OMP,2,1048576,10287000,2916000
schedule-test,1,vectoradd,1048576,GUIDED,16,2,OMP,2,1048576,12334000,11098000
schedule-test,2,vectoradd,1048576,GUIDED,16,2,OMP,2,1048576,10638000,5777000
schedule-test,3,vectoradd,1048576,GUIDED,16,2,OMP,2,1048576,9656000,4120000
schedule-test,4,vectoradd,1048576,GUIDED,16,2,OMP,2,1048576,12008000,9757000
schedule-test,5,vectoradd,1048576,GUIDED,16,2,OMP,2,1048576,11588000,7545000
schedule-test,6,vectoradd,1048576,GUIDED,16,2,OMP,2,1048576,7543000,3507000
schedule-test,7,vectoradd,1048576,GUIDED,16,2,OMP,2,1048576,12712000,4158000
schedule-test,8,vectoradd,1048576,GUIDED,16,2,OMP,2,1048576,11939000,4096000
schedule-test,9,vectoradd,1048576,GUIDED,16,2,OMP,2,1048576,7780000,3553000
schedule-test,10,vectoradd,1048576,GUIDED,16,2,OMP,2,1048576,12418000,6854000
schedule-test,1,vectoradd,1048576,GUIDED,32,2,OMP,2,1048576,7032000,3588000
schedule-test,2,vectoradd,1048576,GUIDED,32,2,OMP,2,1048576,7332000,3532000
schedule-test,3,vectoradd,1048576,GUIDED,32,2,OMP,2,1048576,9623000,5629000
schedule-test,4,vectoradd,1048576,GUIDED,32,2,OMP,2,1048576,6709000,3688000
schedule-test,5,vectoradd,1048576,GUIDED,32,2,OMP,2,1048576,9468000,3788000
schedule-test,6,vectoradd,1048576,GUIDED,32,2,OMP,2,1048576,11168000,4375000
schedule-test,7,vectoradd,1048576,GUIDED,32,2,OMP,2,1048576,10106000,4168000
schedule-test,8,vectoradd,1048576,GUIDED,32,2,OMP,2,1048576,11913000,3615000
schedule-test,9,vectoradd,1048576,GUIDED,32,2,OMP,2,1048576,10213000,5477000
schedule-test,10,vectoradd,1048576,GUIDED,32,2,OMP,2,1048576,7351000,3500000
schedule-test,1,vectoradd,1048576,GUIDED,64,2,OMP,2,1048576,8932000,2968000
schedule-test,2,vectoradd,1048576,GUIDED,64,2,OMP,2,1048576,7413000,3531000
schedule-test,3,vectoradd,1048576,GUIDED,64,2,OMP,2,1048576,6820000,2643000
schedule-test,4,vectoradd,1048576,GUIDED,64,2,OMP,2,1048576,6922000,3466000
schedule-test,5,vectoradd,1048576,GUIDED,64,2,OMP,2,1048576,9415000,4514000
schedule-test,6,vectoradd,1048576,GUIDED,64,2,OMP,2,1048576,9697000,5258000
schedule-test,7,vectoradd,1048576,GUIDED,64,2,OMP,2,1048576,6623000,4079000
schedule-test,8,vectoradd,1048576,GUIDED,64,2,OMP,2,1048576,9705000,4022000
schedule-test,9,vectoradd,1048576,GUIDED,64,2,OMP,2,1048576,11328000,9031000
schedule-test,10,vectoradd,1048576,GUIDED,64,2,OMP,2,1048576,7820000,4699000
schedule-test,1,vectoradd,1048576,GUIDED,128,2,OMP,2,1048576,6696000,3645000
schedule-test,2,vectoradd,1048576,GUIDED,128,2,OMP,2,1048576,9843000,5311000
schedule-test,3,vectoradd,1048576,GUIDED,128,2,OMP,2,1048576,6697000,5542000
schedule-test,4,vectoradd,1048576,GUIDED,128,2,OMP,2,1048576,9692000,3613000
schedule-test,5,vectoradd,1048576,GUIDED,128,2,OMP,2,1048576,11352000,15225000
schedule-test,6,vectoradd,1048576,GUIDED,128,2,OMP,2,1048576,10988000,17756000
schedule-test,7,vectoradd,1048576,GUIDED,128,2,OMP,2,1048576,8869000,4372000
schedule-test,8,vectoradd,1048576,GUIDED,128,2,OMP,2,1048576,11136000,21728000
schedule-test,9,vectoradd,1048576,GUIDED,128,2,OMP,2,1048576,8344000,3635000
schedule-test,10,vectoradd,1048576,GUIDED,128,2,OMP,2,1048576,9465000,3027000
schedule-test,1,vectoradd,1048576,GUIDED,256,2,OMP,2,1048576,9175000,6868000
schedule-test,2,vectoradd,1048576,GUIDED,256,2,OMP,2,1048576,10738000,4843000
schedule-test,3,vectoradd,1048576,GUIDED,256,2,OMP,2,1048576,12094000,4379000
schedule-test,4,vectoradd,1048576,GUIDED,256,2,OMP,2,1048576,10766000,9470000
schedule-test,5,vectoradd,1048576,GUIDED,256,2,OMP,2,1048576,12104000,12919000
schedule-test,6,vectoradd,1048576,GUIDED,256,2,OMP,2,1048576,9968000,4414000
schedule-test,7,vectoradd,1048576,GUIDED,256,2,OMP,2,1048576,12729000,3505000
schedule-test,8,vectoradd,1048576,GUIDED,256,2,OMP,2,1048576,11521000,4607000
schedule-test,9,vectoradd,1048576,GUIDED,256,2,OMP,2,1048576,7343000,4840000
schedule-test,10,vectoradd,1048576,GUIDED,256,2,OMP,2,1048576,13977000,11858000
schedule-test,1,vectoradd,1048576,STATIC,16,4,OMP,4,1048576,6760000,42028000
schedule-test,2,vectoradd,1048576,STATIC,16,4,OMP,4,1048576,11110000,46525000
schedule-test,3,vectoradd,1048576,STATIC,16,4,OMP,4,1048576,11185000,34413000
schedule-test,4,vectoradd,1048576,STATIC,16,4,OMP,4,1048576,11006000,36558000
schedule-test,5,vectoradd,1048576,STATIC,16,4,OMP,4,1048576,9987000,34849000
schedule-test,6,vectoradd,1048576,STATIC,16,4,OMP,4,1048576,10085000,38943000
schedule-test,7,vectoradd,1048576,STATIC,16,4,OMP,4,1048576,6835000,36703000
schedule-test,8,vectoradd,1048576,STATIC,16,4,OMP,4,1048576,7398000,40775000
schedule-test,9,vectoradd,1048576,STATIC,16,4,OMP,4,1048576,6905000,38139000
schedule-test,10,vectoradd,1048576,STATIC,16,4,OMP,4,1048576,10460000,38849000
schedule-test,1,vectoradd,1048576,STATIC,32,4,OMP,4,1048576,12165000,32913000
schedule-test,2,vectoradd,1048576,STATIC,32,4,OMP,4,1048576,9160000,55734000
schedule-test,3,vectoradd,1048576,STATIC,32,4,OMP,4,1048576,11043000,37116000
schedule-test,4,vectoradd,1048576,STATIC,32,4,OMP,4,1048576,10001000,36928000
schedule-test,5,vectoradd,1048576,STATIC,32,4,OMP,4,1048576,10057000,34322000
schedule-test,6,vectoradd,1048576,STATIC,32,4,OMP,4,1048576,11389000,28211000
schedule-test,7,vectoradd,1048576,STATIC,32,4,OMP,4,1048576,10588000,23797000
schedule-test,8,vectoradd,1048576,STATIC,32,4,OMP,4,1048576,7207000,42563000
schedule-test,9,vectoradd,1048576,STATIC,32,4,OMP,4,1048576,9268000,37720000
schedule-test,10,vectoradd,1048576,STATIC,32,4,OMP,4,1048576,6540000,40740000
schedule-test,1,vectoradd,1048576,STATIC,64,4,OMP,4,1048576,12155000,36776000
schedule-test,2,vectoradd,1048576,STATIC,64,4,OMP,4,1048576,8685000,42922000
schedule-test,3,vectoradd,1048576,STATIC,64,4,OMP,4,1048576,7913000,31412000
schedule-test,4,vectoradd,1048576,STATIC,64,4,OMP,4,1048576,11349000,43032000
schedule-test,5,vectoradd,1048576,STATIC,64,4,OMP,4,1048576,11715000,29163000
schedule-test,6,vectoradd,1048576,STATIC,64,4,OMP,4,1048576,11159000,29785000
schedule-test,7,vectoradd,1048576,STATIC,64,4,OMP,4,1048576,11173000,42045000
schedule-test,8,vectoradd,1048576,STATIC,64,4,OMP,4,1048576,7079000,36109000
schedule-test,9,vectoradd,1048576,STATIC,64,4,OMP,4,1048576,6657000,39091000
schedule-test,10,vectoradd,1048576,STATIC,64,4,OMP,4,1048576,7959000,41664000
schedule-test,1,vectoradd,1048576,STATIC,128,4,OMP,4,1048576,12339000,32272000
schedule-test,2,vectoradd,1048576,STATIC,128,4,OMP,4,1048576,10824000,30191000
schedule-test,3,vectoradd,1048576,STATIC,128,4,OMP,4,1048576,10485000,38183000
schedule-test,4,vectoradd,1048576,STATIC,128,4,OMP,4,1048576,10659000,26270000
schedule-test,5,vectoradd,1048576,STATIC,128,4,OMP,4,1048576,6575000,35198000
schedule-test,6,vectoradd,1048576,STATIC,128,4,OMP,4,1048576,10060000,46405000
schedule-test,7,vectoradd,1048576,STATIC,128,4,OMP,4,1048576,11911000,40688000
schedule-test,8,vectoradd,1048576,STATIC,128,4,OMP,4,1048576,11860000,36052000
schedule-test,9,vectoradd,1048576,STATIC,128,4,OMP,4,1048576,10601000,31191000
schedule-test,10,vectoradd,1048576,STATIC,128,4,OMP,4,1048576,12209000,29614000
schedule-test,1,vectoradd,1048576,STATIC,256,4,OMP,4,1048576,6758000,39288000
schedule-test,2,vectoradd,1048576,STATIC,256,4,OMP,4,1048576,7400000,31953000
schedule-test,3,vectoradd,1048576,STATIC,256,4,OMP,4,1048576,7415000,31187000
schedule-test,4,vectoradd,1048576,STATIC,256,4,OMP,4,1048576,7107000,34129000
schedule-test,5,vectoradd,1048576,STATIC,256,4,OMP,4,1048576,10101000,41812000
schedule-test,6,vectoradd,1048576,STATIC,256,4,OMP,4,1048576,6590000,40611000
schedule-test,7,vectoradd,1048576,STATIC,256,4,OMP,4,1048576,11559000,37604000
schedule-test,8,vectoradd,1048576,STATIC,256,4,OMP,4,1048576,10979000,39362000
schedule-test,9,vectoradd,1048576,STATIC,256,4,OMP,4,1048576,10916000,28711000
schedule-test,10,vectoradd,1048576,STATIC,256,4,OMP,4,1048576,10801000,62802000
schedule-test,1,vectoradd,1048576,DYNAMIC,16,4,OMP,4,1048576,8876000,13350000
schedule-test,2,vectoradd,1048576,DYNAMIC,16,4,OMP,4,1048576,12692000,17974000
schedule-test,3,vectoradd,1048576,DYNAMIC,16,4,OMP,4,1048576,11747000,11746000
schedule-test,4,vectoradd,1048576,DYNAMIC,16,4,OMP,4,1048576,11267000,9192000
schedule-test,5,vectoradd,1048576,DYNAMIC,16,4,OMP,4,1048576,10599000,18620000
schedule-test,6,vectoradd,1048576,DYNAMIC,16,4,OMP,4,1048576,8401000,13164000
schedule-test,7,vectoradd,1048576,DYNAMIC,16,4,OMP,4,1048576,10566000,18581000
schedule-test,8,vectoradd,1048576,DYNAMIC,16,4,OMP,4,1048576,9155000,11867000
schedule-test,9,vectoradd,1048576,DYNAMIC,16,4,OMP,4,1048576,8599000,17232000
schedule-test,10,vectoradd,1048576,DYNAMIC,16,4,OMP,4,1048576,11042000,17795000
schedule-test,1,vectoradd,1048576,DYNAMIC,32,4,OMP,4,1048576,6554000,8565000
schedule-test,2,vectoradd,1048576,DYNAMIC,32,4,OMP,4,1048576,9269000,10070000
schedule-test,3,vectoradd,1048576,DYNAMIC,32,4,OMP,4,1048576,11037000,10303000
schedule-test,4,vectoradd,1048576,DYNAMIC,32,4,OMP,4,1048576,12670000,9231000
schedule-test,5,vectoradd,1048576,DYNAMIC,32,4,OMP,4,1048576,10441000,8863000
schedule-test,6,vectoradd,1048576,DYNAMIC,32,4,OMP,4,1048576,10057000,13285000
schedule-test,7,vectoradd,1048576,DYNAMIC,32,4,OMP,4,1048576,11592000,23297000
schedule-test,8,vectoradd,1048576,DYNAMIC,32,4,OMP,4,1048576,8531000,5929000
schedule-test,9,vectoradd,1048576,DYNAMIC,32,4,OMP,4,1048576,9811000,8574000
schedule-test,10,vectoradd,1048576,DYNAMIC,32,4,OMP,4,1048576,7130000,6331000
schedule-test,1,vectoradd,1048576,DYNAMIC,64,4,OMP,4,1048576,7297000,7974000
schedule-test,2,vectoradd,1048576,DYNAMIC,64,4,OMP,4,1048576,8183000,8604000
schedule-test,3,vectoradd,1048576,DYNAMIC,64,4,OMP,4,1048576,7116000,7998000
schedule-test,4,vectoradd,1048576,DYNAMIC,64,4,OMP,4,1048576,7576000,11248000
schedule-test,5,vectoradd,1048576,DYNAMIC,64,4,OMP,4,1048576,8795000,9835000
schedule-test,6,vectoradd,1048576,DYNAMIC,64,4,OMP,4,1048576,10583000,17033000
schedule-test,7,vectoradd,1048576,DYNAMIC,64,4,OMP,4,1048576,10724000,10693000
schedule-test,8,vectoradd,1048576,DYNAMIC,64,4,OMP,4,1048576,11474000,14018000
schedule-test,9,vectoradd,1048576,DYNAMIC,64,4,OMP,4,1048576,13116000,11077000
schedule-test,10,vectoradd,1048576,DYNAMIC,64,4,OMP,4,1048576,10405000,17775000
schedule-test,1,vectoradd,1048576,DYNAMIC,128,4,OMP,4,1048576,8256000,7942000
schedule-test,2,vectoradd,1048576,DYNAMIC,128,4,OMP,4,1048576,6831000,8437000
schedule-test,3,vectoradd,1048576,DYNAMIC,128,4,OMP,4,1048576,9257000,16567000
schedule-test,4,vectoradd,1048576,DYNAMIC,128,4,OMP,4,1048576,11509000,17060000
schedule-test,5,vectoradd,1048576,DYNAMIC,128,4,OMP,4,1048576,11376000,12927000
schedule-test,6,vectoradd,1048576,DYNAMIC,128,4,OMP,4,1048576,7500000,5703000
schedule-test,7,vectoradd,1048576,DYNAMIC,128,4,OMP,4,1048576,6833000,6167000
schedule-test,8,vectoradd,1048576,DYNAMIC,128,4,OMP,4,1048576,7668000,6480000
schedule-test,9,vectoradd,1048576,DYNAMIC,128,4,OMP,4,1048576,7152000,7850000
schedule-test,10,vectoradd,1048576,DYNAMIC,128,4,OMP,4,1048576,7633000,7676000
schedule-test,1,vectoradd,1048576,DYNAMIC,256,4,OMP,4,1048576,10349000,11295000
schedule-test,2,vectoradd,1048576,DYNAMIC,256,4,OMP,4,1048576,10018000,12933000
schedule-test,3,vectoradd,1048576,DYNAMIC,256,4,OMP,4,1048576,10764000,12170000
schedule-test,4,vectoradd,1048576,DYNAMIC,256,4,OMP,4,1048576,12538000,16567000
schedule-test,5,vectoradd,1048576,DYNAMIC,256,4,OMP,4,1048576,11633000,15513000
schedule-test,6,vectoradd,1048576,DYNAMIC,256,4,OMP,4,1048576,8629000,6139000
schedule-test,7,vectoradd,1048576,DYNAMIC,256,4,OMP,4,1048576,11349000,30150000
schedule-test,8,vectoradd,1048576,DYNAMIC,256,4,OMP,4,1048576,13563000,7905000
schedule-test,9,vectoradd,1048576,DYNAMIC,256,4,OMP,4,1048576,7607000,5303000
schedule-test,10,vectoradd,1048576,DYNAMIC,256,4,OMP,4,1048576,7103000,9700000
schedule-test,1,vectoradd,1048576,GUIDED,16,4,OMP,4,1048576,6927000,7926000
schedule-test,2,vectoradd,1048576,GUIDED,16,4,OMP,4,1048576,9120000,8819000
schedule-test,3,vectoradd,1048576,GUIDED,16,4,OMP,4,1048576,11085000,18474000
schedule-test,4,vectoradd,1048576,GUIDED,16,4,OMP,4,1048576,11952000,15990000
schedule-test,5,vectoradd,1048576,GUIDED,16,4,OMP,4,1048576,7522000,5932000
schedule-test,6,vectoradd,1048576,GUIDED,16,4,OMP,4,1048576,13069000,12005000
schedule-test,7,vectoradd,1048576,GUIDED,16,4,OMP,4,1048576,12150000,8101000
schedule-test,8,vectoradd,1048576,GUIDED,16,4,OMP,4,1048576,16491000,17985000
schedule-test,9,vectoradd,1048576,GUIDED,16,4,OMP,4,1048576,10552000,7933000
schedule-test,10,vectoradd,1048576,GUIDED,16,4,OMP,4,1048576,8342000,7482000
schedule-test,1,vectoradd,1048576,GUIDED,32,4,OMP,4,1048576,9743000,4842000
schedule-test,2,vectoradd,1048576,GUIDED,32,4,OMP,4,1048576,11721000,8914000
schedule-test,3,vectoradd,1048576,GUIDED,32,4,OMP,4,1048576,8799000,8336000
schedule-test,4,vectoradd,1048576,GUIDED,32,4,OMP,4,1048576,9125000,9434000
schedule-test,5,vectoradd,1048576,GUIDED,32,4,OMP,4,1048576,9500000,13565000
schedule-test,6,vectoradd,1048576,GUIDED,32,4,OMP,4,1048576,8014000,8826000
schedule-test,7,vectoradd,1048576,GUIDED,32,4,OMP,4,1048576,12195000,26698000
schedule-test,8,vectoradd,1048576,GUIDED,32,4,OMP,4,1048576,9806000,10957000
schedule-test,9,vectoradd,1048576,GUIDED,32,4,OMP,4,1048576,9811000,10424000
schedule-test,10,vectoradd,1048576,GUIDED,32,4,OMP,4,1048576,11628000,17207000
schedule-test,1,vectoradd,1048576,GUIDED,64,4,OMP,4,1048576,10405000,10216000
schedule-test,2,vectoradd,1048576,GUIDED,64,4,OMP,4,1048576,9741000,10964000
schedule-test,3,vectoradd,1048576,GUIDED,64,4,OMP,4,1048576,10349000,9604000
schedule-test,4,vectoradd,1048576,GUIDED,64,4,OMP,4,1048576,10545000,10570000
schedule-test,5,vectoradd,1048576,GUIDED,64,4,OMP,4,1048576,10642000,7845000
schedule-test,6,vectoradd,1048576,GUIDED,64,4,OMP,4,1048576,9640000,8479000
schedule-test,7,vectoradd,1048576,GUIDED,64,4,OMP,4,1048576,10024000,8302000
schedule-test,8,vectoradd,1048576,GUIDED,64,4,OMP,4,1048576,9506000,7526000
schedule-test,9,vectoradd,1048576,GUIDED,64,4,OMP,4,1048576,11719000,7445000
schedule-test,10,vectoradd,1048576,GUIDED,64,4,OMP,4,1048576,9960000,7310000
schedule-test,1,vectoradd,1048576,GUIDED,128,4,OMP,4,1048576,8023000,7386000
schedule-test,2,vectoradd,1048576,GUIDED,128,4,OMP,4,1048576,8323000,5895000
schedule-test,3,vectoradd,1048576,GUIDED,128,4,OMP,4,1048576,11944000,17762000
schedule-test,4,vectoradd,1048576,GUIDED,128,4,OMP,4,1048576,10078000,10619000
schedule-test,5,vectoradd,1048576,GUIDED,128,4,OMP,4,1048576,11147000,8474000
schedule-test,6,vectoradd,1048576,GUIDED,128,4,OMP,4,1048576,12008000,8394000
schedule-test,7,vectoradd,1048576,GUIDED,128,4,OMP,4,1048576,9242000,11399000
schedule-test,8,vectoradd,1048576,GUIDED,128,4,OMP,4,1048576,6933000,7683000
schedule-test,9,vectoradd,1048576,GUIDED,128,4,OMP,4,1048576,9951000,7355000
schedule-test,10,vectoradd,1048576,GUIDED,128,4,OMP,4,1048576,7652000,4823000
schedule-test,1,vectoradd,1048576,GUIDED,256,4,OMP,4,1048576,6581000,4981000
schedule-test,2,vectoradd,1048576,GUIDED,256,4,OMP,4,1048576,7880000,13248000
schedule-test,3,vectoradd,1048576,GUIDED,256,4,OMP,4,1048576,13561000,12469000
schedule-test,4,vectoradd,1048576,GUIDED,256,4,OMP,4,1048576,10538000,15241000
schedule-test,5,vectoradd,1048576,GUIDED,256,4,OMP,4,1048576,10705000,11515000
schedule-test,6,vectoradd,1048576,GUIDED,256,4,OMP,4,1048576,9257000,10254000
schedule-test,7,vectoradd,1048576,GUIDED,256,4,OMP,4,1048576,11008000,25159000
schedule-test,8,vectoradd,1048576,GUIDED,256,4,OMP,4,1048576,9936000,7835000
schedule-test,9,vectoradd,1048576,GUIDED,256,4,OMP,4,1048576,6861000,7649000
schedule-test,10,vectoradd,1048576,GUIDED,256,4,OMP,4,1048576,7444000,7341000
schedule-test,1,vectoradd,1048576,STATIC,16,8,OMP,8,1048576,7413000,33174000
schedule-test,2,vectoradd,1048576,STATIC,16,8,OMP,8,1048576,6630000,35243000
schedule-test,3,vectoradd,1048576,STATIC,16,8,OMP,8,1048576,10875000,35852000
schedule-test,4,vectoradd,1048576,STATIC,16,8,OMP,8,1048576,12182000,28861000
schedule-test,5,vectoradd,1048576,STATIC,16,8,OMP,8,1048576,8999000,27130000
schedule-test,6,vectoradd,1048576,STATIC,16,8,OMP,8,1048576,20177000,29233000
schedule-test,7,vectoradd,1048576,STATIC,16,8,OMP,8,1048576,8139000,32692000
schedule-test,8,vectoradd,1048576,STATIC,16,8,OMP,8,1048576,9905000,33146000
schedule-test,9,vectoradd,1048576,STATIC,16,8,OMP,8,1048576,6591000,32687000
schedule-test,10,vectoradd,1048576,STATIC,16,8,OMP,8,1048576,8923000,38851000
schedule-test,1,vectoradd,1048576,STATIC,32,8,OMP,8,1048576,7642000,33144000
schedule-test,2,vectoradd,1048576,STATIC,32,8,OMP,8,1048576,8931000,25232000
schedule-test,3,vectoradd,1048576,STATIC,32,8,OMP,8,1048576,9684000,26313000
schedule-test,4,vectoradd,1048576,STATIC,32,8,OMP,8,1048576,11316000,28718000
schedule-test,5,vectoradd,1048576,STATIC,32,8,OMP,8,1048576,12394000,37433000
schedule-test,6,vectoradd,1048576,STATIC,32,8,OMP,8,1048576,8645000,36985000
schedule-test,7,vectoradd,1048576,STATIC,32,8,OMP,8,1048576,7546000,32988000
schedule-test,8,vectoradd,1048576,STATIC,32,8,OMP,8,1048576,9680000,35108000
schedule-test,9,vectoradd,1048576,STATIC,32,8,OMP,8,1048576,10565000,32844000
schedule-test,10,vectoradd,1048576,STATIC,32,8,OMP,8,1048576,11573000,34471000
schedule-test,1,vectoradd,1048576,STATIC,64,8,OMP,8,1048576,9315000,35252000
schedule-test,2,vectoradd,1048576,STATIC,64,8,OMP,8,1048576,6781000,37991000
schedule-test,3,vectoradd,1048576,STATIC,64,8,OMP,8,1048576,10738000,33313000
schedule-test,4,vectoradd,1048576,STATIC,64,8,OMP,8,1048576,11794000,30706000
schedule-test,5,vectoradd,1048576,STATIC,64,8,OMP,8,1048576,9716000,26862000
schedule-test,6,vectoradd,1048576,STATIC,64,8,OMP,8,1048576,10636000,33243000
schedule-test,7,vectoradd,1048576,STATIC,64,8,OMP,8,1048576,9787000,34579000
schedule-test,8,vectoradd,1048576,STATIC,64,8,OMP,8,1048576,10620000,37493000
schedule-test,9,vectoradd,1048576,STATIC,64,8,OMP,8,1048576,10057000,36068000
schedule-test,10,vectoradd,1048576,STATIC,64,8,OMP,8,1048576,8154000,36515000
schedule-test,1,vectoradd,1048576,STATIC,128,8,OMP,8,1048576,9481000,33391000
schedule-test,2,vectoradd,1048576,STATIC,128,8,OMP,8,1048576,7856000,35515000
schedule-test,3,vectoradd,1048576,STATIC,128,8,OMP,8,1048576,10405000,37419000
schedule-test,4,vectoradd,1048576,STATIC,128,8,OMP,8,1048576,10712000,30375000
schedule-test,5,vectoradd,1048576,STATIC,128,8,OMP,8,1048576,7651000,34691000
schedule-test,6,vectoradd,1048576,STATIC,128,8,OMP,8,1048576,11914000,31082000
schedule-test,7,vectoradd,1048576,STATIC,128,8,OMP,8,1048576,10260000,32491000
schedule-test,8,vectoradd,1048576,STATIC,128,8,OMP,8,1048576,8455000,34290000
schedule-test,9,vectoradd,1048576,STATIC,128,8,OMP,8,1048576,7023000,34032000
schedule-test,10,vectoradd,1048576,STATIC,128,8,OMP,8,1048576,6587000,33460000
schedule-test,1,vectoradd,1048576,STATIC,256,8,OMP,8,1048576,7684000,34490000
schedule-test,2,vectoradd,1048576,STATIC,256,8,OMP,8,1048576,9086000,31897000
schedule-test,3,vectoradd,1048576,STATIC,256,8,OMP,8,1048576,9766000,33996000
schedule-test,4,vectoradd,1048576,STATIC,256,8,OMP,8,1048576,10469000,35186000
schedule-test,5,vectoradd,1048576,STATIC,256,8,OMP,8,1048576,9486000,35625000
schedule-test,6,vectoradd,1048576,STATIC,256,8,OMP,8,1048576,6657000,35539000
schedule-test,7,vectoradd,1048576,STATIC,256,8,OMP,8,1048576,10171000,30464000
schedule-test,8,vectoradd,1048576,STATIC,256,8,OMP,8,1048576,8732000,30800000
schedule-test,9,vectoradd,1048576,STATIC,256,8,OMP,8,1048576,10694000,27519000
schedule-test,10,vectoradd,1048576,STATIC,256,8,OMP,8,1048576,10743000,33224000
schedule-test,1,vectoradd,1048576,DYNAMIC,16,8,OMP,8,1048576,8529000,4957000
schedule-test,2,vectoradd,1048576,DYNAMIC,16,8,OMP,8,1048576,13339000,5529000
schedule-test,3,vectoradd,1048576,DYNAMIC,16,8,OMP,8,1048576,9154000,7419000
schedule-test,4,vectoradd,1048576,DYNAMIC,16,8,OMP,8,1048576,10763000,8990000
schedule-test,5,vectoradd,1048576,DYNAMIC,16,8,OMP,8,1048576,9371000,6524000
schedule-test,6,vectoradd,1048576,DYNAMIC,16,8,OMP,8,1048576,9351000,9087000
schedule-test,7,vectoradd,1048576,DYNAMIC,16,8,OMP,8,1048576,12140000,5629000
schedule-test,8,vectoradd,1048576,DYNAMIC,16,8,OMP,8,1048576,10399000,4570000
schedule-test,9,vectoradd,1048576,DYNAMIC,16,8,OMP,8,1048576,10112000,4911000
schedule-test,10,vectoradd,1048576,DYNAMIC,16,8,OMP,8,1048576,7392000,4745000
schedule-test,1,vectoradd,1048576,DYNAMIC,32,8,OMP,8,1048576,7622000,5772000
schedule-test,2,vectoradd,1048576,DYNAMIC,32,8,OMP,8,1048576,7332000,3900000
schedule-test,3,vectoradd,1048576,DYNAMIC,32,8,OMP,8,1048576,7362000,3548000
schedule-test,4,vectoradd,1048576,DYNAMIC,32,8,OMP,8,1048576,11280000,4630000
schedule-test,5,vectoradd,1048576,DYNAMIC,32,8,OMP,8,1048576,10235000,6213000
schedule-test,6,vectoradd,1048576,DYNAMIC,32,8,OMP,8,1048576,11647000,4639000
schedule-test,7,vectoradd,1048576,DYNAMIC,32,8,OMP,8,1048576,9534000,5221000
schedule-test,8,vectoradd,1048576,DYNAMIC,32,8,OMP,8,1048576,9726000,17505000
schedule-test,9,vectoradd,1048576,DYNAMIC,32,8,OMP,8,1048576,12864000,4412000
schedule-test,10,vectoradd,1048576,DYNAMIC,32,8,OMP,8,1048576,9328000,5144000
schedule-test,1,vectoradd,1048576,DYNAMIC,64,8,OMP,8,1048576,6976000,3686000
schedule-test,2,vectoradd,1048576,DYNAMIC,64,8,OMP,8,1048576,10675000,4844000
schedule-test,3,vectoradd,1048576,DYNAMIC,64,8,OMP,8,1048576,11254000,9883000
schedule-test,4,vectoradd,1048576,DYNAMIC,64,8,OMP,8,1048576,11019000,5575000
schedule-test,5,vectoradd,1048576,DYNAMIC,64,8,OMP,8,1048576,11519000,6526000
schedule-test,6,vectoradd,1048576,DYNAMIC,64,8,OMP,8,1048576,10740000,14514000
schedule-test,7,vectoradd,1048576,DYNAMIC,64,8,OMP,8,1048576,10301000,5389000
schedule-test,8,vectoradd,1048576,DYNAMIC,64,8,OMP,8,1048576,12713000,5329000
schedule-test,9,vectoradd,1048576,DYNAMIC,64,8,OMP,8,1048576,7146000,3342000
schedule-test,10,vectoradd,1048576,DYNAMIC,64,8,OMP,8,1048576,10487000,3878000
schedule-test,1,vectoradd,1048576,DYNAMIC,128,8,OMP,8,1048576,9035000,3666000
schedule-test,2,vectoradd,1048576,DYNAMIC,128,8,OMP,8,1048576,10174000,3380000
schedule-test,3,vectoradd,1048576,DYNAMIC,128,8,OMP,8,1048576,6723000,3273000
schedule-test,4,vectoradd,1048576,DYNAMIC,128,8,OMP,8,1048576,10058000,4245000
schedule-test,5,vectoradd,1048576,DYNAMIC,128,8,OMP,8,1048576,10505000,9535000
schedule-test,6,vectoradd,1048576,DYNAMIC,128,8,OMP,8,1048576,10978000,5390000
schedule-test,7,vectoradd,1048576,DYNAMIC,128,8,OMP,8,1048576,6921000,3734000
schedule-test,8,vectoradd,1048576,DYNAMIC,128,8,OMP,8,1048576,6931000,5916000
schedule-test,9,vectoradd,1048576,DYNAMIC,128,8,OMP,8,1048576,9978000,6917000
schedule-test,10,vectoradd,1048576,DYNAMIC,128,8,OMP,8,1048576,8034000,4375000
schedule-test,1,vectoradd,1048576,DYNAMIC,256,8,OMP,8,1048576,6982000,3232000
schedule-test,2,vectoradd,1048576,DYNAMIC,256,8,OMP,8,1048576,7216000,3315000
schedule-test,3,vectoradd,1048576,DYNAMIC,256,8,OMP,8,1048576,10181000,3341000
schedule-test,4,vectoradd,1048576,DYNAMIC,256,8,OMP,8,1048576,8963000,5223000
schedule-test,5,vectoradd,1048576,DYNAMIC,256,8,OMP,8,1048576,11384000,10603000
schedule-test,6,vectoradd,1048576,DYNAMIC,256,8,OMP,8,1048576,9341000,4535000
schedule-test,7,vectoradd,1048576,DYNAMIC,256,8,OMP,8,1048576,6864000,3986000
schedule-test,8,vectoradd,1048576,DYNAMIC,256,8,OMP,8,1048576,12426000,5481000
schedule-test,9,vectoradd,1048576,DYNAMIC,256,8,OMP,8,1048576,10463000,7886000
schedule-test,10,vectoradd,1048576,DYNAMIC,256,8,OMP,8,1048576,9180000,9821000
schedule-test,1,vectoradd,1048576,GUIDED,16,8,OMP,8,1048576,6484000,2679000
schedule-test,2,vectoradd,1048576,GUIDED,16,8,OMP,8,1048576,7321000,3446000
schedule-test,3,vectoradd,1048576,GUIDED,16,8,OMP,8,1048576,6931000,3406000
schedule-test,4,vectoradd,1048576,GUIDED,16,8,OMP,8,1048576,7203000,3548000
schedule-test,5,vectoradd,1048576,GUIDED,16,8,OMP,8,1048576,6618000,4054000
schedule-test,6,vectoradd,1048576,GUIDED,16,8,OMP,8,1048576,11081000,3420000
schedule-test,7,vectoradd,1048576,GUIDED,16,8,OMP,8,1048576,11311000,4428000
schedule-test,8,vectoradd,1048576,GUIDED,16,8,OMP,8,1048576,10311000,7189000
schedule-test,9,vectoradd,1048576,GUIDED,16,8,OMP,8,1048576,8514000,3351000
schedule-test,10,vectoradd,1048576,GUIDED,16,8,OMP,8,1048576,7350000,4919000
schedule-test,1,vectoradd,1048576,GUIDED,32,8,OMP,8,1048576,9034000,3176000
schedule-test,2,vectoradd,1048576,GUIDED,32,8,OMP,8,1048576,10440000,5075000
schedule-test,3,vectoradd,1048576,GUIDED,32,8,OMP,8,1048576,10076000,3527000
schedule-test,4,vectoradd,1048576,GUIDED,32,8,OMP,8,1048576,7615000,4131000
schedule-test,5,vectoradd,1048576,GUIDED,32,8,OMP,8,1048576,11615000,13063000
schedule-test,6,vectoradd,1048576,GUIDED,32,8,OMP,8,1048576,9112000,4567000
schedule-test,7,vectoradd,1048576,GUIDED,32,8,OMP,8,1048576,10259000,5974000
schedule-test,8,vectoradd,1048576,GUIDED,32,8,OMP,8,1048576,10917000,13362000
schedule-test,9,vectoradd,1048576,GUIDED,32,8,OMP,8,1048576,12242000,11118000
schedule-test,10,vectoradd,1048576,GUIDED,32,8,OMP,8,1048576,9851000,4468000
schedule-test,1,vectoradd,1048576,GUIDED,64,8,OMP,8,1048576,12234000,11253000
schedule-test,2,vectoradd,1048576,GUIDED,64,8,OMP,8,1048576,10301000,5924000
schedule-test,3,vectoradd,1048576,GUIDED,64,8,OMP,8,1048576,9335000,8393000
schedule-test,4,vectoradd,1048576,GUIDED,64,8,OMP,8,1048576,9882000,4653000
schedule-test,5,vectoradd,1048576,GUIDED,64,8,OMP,8,1048576,8580000,5016000
schedule-test,6,vectoradd,1048576,GUIDED,64,8,OMP,8,1048576,12130000,4265000
schedule-test,7,vectoradd,1048576,GUIDED,64,8,OMP,8,1048576,14996000,6962000
schedule-test,8,vectoradd,1048576,GUIDED,64,8,OMP,8,1048576,8504000,3653000
schedule-test,9,vectoradd,1048576,GUIDED,64,8,OMP,8,1048576,9738000,5134000
schedule-test,10,vectoradd,1048576,GUIDED,64,8,OMP,8,1048576,6661000,3025000
schedule-test,1,vectoradd,1048576,GUIDED,128,8,OMP,8,1048576,9411000,4843000
schedule-test,2,vectoradd,1048576,GUIDED,128,8,OMP,8,1048576,8362000,3193000
schedule-test,3,vectoradd,1048576,GUIDED,128,8,OMP,8,1048576,11191000,4049000
schedule-test,4,vectoradd,1048576,GUIDED,128,8,OMP,8,1048576,11001000,6555000
schedule-test,5,vectoradd,1048576,GUIDED,128,8,OMP,8,1048576,9023000,3380000
schedule-test,6,vectoradd,1048576,GUIDED,128,8,OMP,8,1048576,10855000,11779000
schedule-test,7,vectoradd,1048576,GUIDED,128,8,OMP,8,1048576,11060000,4629000
schedule-test,8,vectoradd,1048576,GUIDED,128,8,OMP,8,1048576,10638000,8289000
schedule-test,9,vectoradd,1048576,GUIDED,128,8,OMP,8,1048576,7443000,2824000
schedule-test,10,vectoradd,1048576,GUIDED,128,8,OMP,8,1048576,8189000,2712000
schedule-test,1,vectoradd,1048576,GUIDED,256,8,OMP,8,1048576,11158000,4896000
schedule-test,2,vectoradd,1048576,GUIDED,256,8,OMP,8,1048576,9322000,4371000
schedule-test,3,vectoradd,1048576,GUIDED,256,8,OMP,8,1048576,9191000,4917000
schedule-test,4,vectoradd,1048576,GUIDED,256,8,OMP,8,1048576,10461000,8110000
schedule-test,5,vectoradd,1048576,GUIDED,256,8,OMP,8,1048576,10309000,7610000
schedule-test,6,vectoradd,1048576,GUIDED,256,8,OMP,8,1048576,7810000,3010000
schedule-test,7,vectoradd,1048576,GUIDED,256,8,OMP,8,1048576,10447000,3302000
schedule-test,8,vectoradd,1048576,GUIDED,256,8,OMP,8,1048576,9652000,3846000
schedule-test,9,vectoradd,1048576,GUIDED,256,8,OMP,8,1048576,10831000,4324000
schedule-test,10,vectoradd,1048576,GUIDED,256,8,OMP,8,1048576,9848000,3968000
schedule-test,1,vectoradd,8388608,STATIC,16,1,OMP,1,8388608,72501000,204680000
schedule-test,2,vectoradd,8388608,STATIC,16,1,OMP,1,8388608,92282000,175954000
schedule-test,3,vectoradd,8388608,STATIC,16,1,OMP,1,8388608,55873000,184784000
schedule-test,4,vectoradd,8388608,STATIC,16,1,OMP,1,8388608,57782000,170786000
schedule-test,5,vectoradd,8388608,STATIC,16,1,OMP,1,8388608,62615000,176308000
schedule-test,6,vectoradd,8388608,STATIC,16,1,OMP,1,8388608,82874000,187776000
schedule-test,7,vectoradd,8388608,STATIC,16,1,OMP,1,8388608,55395000,170322000
schedule-test,8,vectoradd,8388608,STATIC,16,1,OMP,1,8388608,50660000,161625000
schedule-test,9,vectoradd,8388608,STATIC,16,1,OMP,1,8388608,56071000,182758000
schedule-test,10,vectoradd,8388608,STATIC,16,1,OMP,1,8388608,66178000,182262000
schedule-test,1,vectoradd,8388608,STATIC,32,1,OMP,1,8388608,147072000,173889000
schedule-test,2,vectoradd,8388608,STATIC,32,1,OMP,1,8388608,60919000,183144000
schedule-test,3,vectoradd,8388608,STATIC,32,1,OMP,1,8388608,54638000,186352000
schedule-test,4,vectoradd,8388608,STATIC,32,1,OMP,1,8388608,52944000,175253000
schedule-test,5,vectoradd,8388608,STATIC,32,1,OMP,1,8388608,52809000,162575000
schedule-test,6,vectoradd,8388608,STATIC,32,1,OMP,1,8388608,75718000,178097000
schedule-test,7,vectoradd,8388608,STATIC,32,1,OMP,1,8388608,56377000,178532000
schedule-test,8,vectoradd,8388608,STATIC,32,1,OMP,1,8388608,58622000,164161000
schedule-test,9,vectoradd,8388608,STATIC,32,1,OMP,1,8388608,56853000,162726000
schedule-test,10,vectoradd,8388608,STATIC,32,1,OMP,1,8388608,55135000,173317000
schedule-test,1,vectoradd,8388608,STATIC,64,1,OMP,1,8388608,53286000,166463000
schedule-test,2,vectoradd,8388608,STATIC,64,1,OMP,1,8388608,51783000,175975000
schedule-test,3,vectoradd,8388608,STATIC,64,1,OMP,1,8388608,73875000,203121000
schedule-test,4,vectoradd,8388608,STATIC,64,1,OMP,1,8388608,79079000,189472000
schedule-test,5,vectoradd,8388608,STATIC,64,1,OMP,1,8388608,56205000,166294000
schedule-test,6,vectoradd,8388608,STATIC,64,1,OMP,1,8388608,57172000,168434000
schedule-test,7,vectoradd,8388608,STATIC,64,1,OMP,1,8388608,52720000,177035000
schedule-test,8,vectoradd,8388608,STATIC,64,1,OMP,1,8388608,61133000,187366000
schedule-test,9,vectoradd,8388608,STATIC,64,1,OMP,1,8388608,55237000,161531000
schedule-test,10,vectoradd,8388608,STATIC,64,1,OMP,1,8388608,69441000,170340000
schedule-test,1,vectoradd,8388608,STATIC,128,1,OMP,1,8388608,57642000,181991000
schedule-test,2,vectoradd,8388608,STATIC,128,1,OMP,1,8388608,77577000,190850000
schedule-test,3,vectoradd,8388608,STATIC,128,1,OMP,1,8388608,105645000,178368000
schedule-test,4,vectoradd,8388608,STATIC,128,1,OMP,1,8388608,54540000,175847000
schedule-test,5,vectoradd,8388608,STATIC,128,1,OMP,1,8388608,56810000,172417000
schedule-test,6,vectoradd,8388608,STATIC,128,1,OMP,1,8388608,64032000,171206000
schedule-test,7,vectoradd,8388608,STATIC,128,1,OMP,1,8388608,59277000,168693000
schedule-test,8,vectoradd,8388608,STATIC,128,1,OMP,1,8388608,68104000,175285000
schedule-test,9,vectoradd,8388608,STATIC,128,1,OMP,1,8388608,52866000,170007000
schedule-test,10,vectoradd,8388608,STATIC,128,1,OMP,1,8388608,59688000,179125000
schedule-test,1,vectoradd,8388608,STATIC,256,1,OMP,1,8388608,68902000,181174000
schedule-test,2,vectoradd,8388608,STATIC,256,1,OMP,1,8388608,106882000,203984000
schedule-test,3,vectoradd,8388608,STATIC,256,1,OMP,1,8388608,60555000,182430000
schedule-test,4,vectoradd,8388608,STATIC,256,1,OMP,1,8388608,56306000,165617000
schedule-test,5,vectoradd,8388608,STATIC,256,1,OMP,1,8388608,57321000,162100000
schedule-test,6,vectoradd,8388608,STATIC,256,1,OMP,1,8388608,52665000,189864000
schedule-test,7,vectoradd,8388608,STATIC,256,1,OMP,1,8388608,63400000,178259000
schedule-test,8,vectoradd,8388608,STATIC,256,1,OMP,1,8388608,62220000,165675000
schedule-test,9,vectoradd,8388608,STATIC,256,1,OMP,1,8388608,53867000,163312000
schedule-test,10,vectoradd,8388608,STATIC,256,1,OMP,1,8388608,52031000,190538000
schedule-test,1,vectoradd,8388608,DYNAMIC,16,1,OMP,1,8388608,81851000,51656000
schedule-test,2,vectoradd,8388608,DYNAMIC,16,1,OMP,1,8388608,79919000,47549000
schedule-test,3,vectoradd,8388608,DYNAMIC,16,1,OMP,1,8388608,56946000,38934000
schedule-test,4,vectoradd,8388608,DYNAMIC,16,1,OMP,1,8388608,55605000,42541000
schedule-test,5,vectoradd,8388608,DYNAMIC,16,1,OMP,1,8388608,60870000,44334000
schedule-test,6,vectoradd,8388608,DYNAMIC,16,1,OMP,1,8388608,61104000,40961000
schedule-test,7,vectoradd,8388608,DYNAMIC,16,1,OMP,1,8388608,91110000,49503000
schedule-test,8,vectoradd,8388608,DYNAMIC,16,1,OMP,1,8388608,54562000,47313000
schedule-test,9,vectoradd,8388608,DYNAMIC,16,1,OMP,1,8388608,71738000,43600000
schedule-test,10,vectoradd,8388608,DYNAMIC,16,1,OMP,1,8388608,55768000,41093000
schedule-test,1,vectoradd,8388608,DYNAMIC,32,1,OMP,1,8388608,75007000,56437000
schedule-test,2,vectoradd,8388608,DYNAMIC,32,1,OMP,1,8388608,87854000,71820000
schedule-test,3,vectoradd,8388608,DYNAMIC,32,1,OMP,1,8388608,65107000,36607000
schedule-test,4,vectoradd,8388608,DYNAMIC,32,1,OMP,1,8388608,64185000,44308000
schedule-test,5,vectoradd,8388608,DYNAMIC,32,1,OMP,1,8388608,75722000,35355000
schedule-test,6,vectoradd,8388608,DYNAMIC,32,1,OMP,1,8388608,54811000,36157000
schedule-test,7,vectoradd,8388608,DYNAMIC,32,1,OMP,1,8388608,57541000,34434000
schedule-test,8,vectoradd,8388608,DYNAMIC,32,1,OMP,1,8388608,64063000,35019000
schedule-test,9,vectoradd,8388608,DYNAMIC,32,1,OMP,1,8388608,59185000,51212000
schedule-test,10,vectoradd,8388608,DYNAMIC,32,1,OMP,1,8388608,70846000,39944000
schedule-test,1,vectoradd,8388608,DYNAMIC,64,1,OMP,1,8388608,75694000,39311000
schedule-test,2,vectoradd,8388608,DYNAMIC,64,1,OMP,1,8388608,89673000,51003000
schedule-test,3,vectoradd,8388608,DYNAMIC,64,1,OMP,1,8388608,65922000,43992000
schedule-test,4,vectoradd,8388608,DYNAMIC,64,1,OMP,1,8388608,54200000,46453000
schedule-test,5,vectoradd,8388608,DYNAMIC,64,1,OMP,1,8388608,67526000,41314000
schedule-test,6,vectoradd,8388608,DYNAMIC,64,1,OMP,1,8388608,54283000,31234000
schedule-test,7,vectoradd,8388608,DYNAMIC,64,1,OMP,1,8388608,51639000,34399000
schedule-test,8,vectoradd,8388608,DYNAMIC,64,1,OMP,1,8388608,64591000,41899000
schedule-test,9,vectoradd,8388608,DYNAMIC,64,1,OMP,1,8388608,66481000,37238000
schedule-test,10,vectoradd,8388608,DYNAMIC,64,1,OMP,1,8388608,56846000,44060000
schedule-test,1,vectoradd,8388608,DYNAMIC,128,1,OMP,1,8388608,63230000,34086000
schedule-test,2,vectoradd,8388608,DYNAMIC,128,1,OMP,1,8388608,79656000,59965000
schedule-test,3,vectoradd,8388608,DYNAMIC,128,1,OMP,1,8388608,93856000,90639000
schedule-test,4,vectoradd,8388608,DYNAMIC,128,1,OMP,1,8388608,57947000,36556000
schedule-test,5,vectoradd,8388608,DYNAMIC,128,1,OMP,1,8388608,61750000,43577000
schedule-test,6,vectoradd,8388608,DYNAMIC,128,1,OMP,1,8388608,52287000,43142000
schedule-test,7,vectoradd,8388608,DYNAMIC,128,1,OMP,1,8388608,59723000,34936000
schedule-test,8,vectoradd,8388608,DYNAMIC,128,1,OMP,1,8388608,58834000,45226000
schedule-test,9,vectoradd,8388608,DYNAMIC,128,1,OMP,1,8388608,90948000,36861000
schedule-test,10,vectoradd,8388608,DYNAMIC,128,1,OMP,1,8388608,58697000,37820000
schedule-test,1,vectoradd,8388608,DYNAMIC,256,1,OMP,1,8388608,64951000,38172000
schedule-test,2,vectoradd,8388608,DYNAMIC,256,1,OMP,1,8388608,94004000,47937000
schedule-test,3,vectoradd,8388608,DYNAMIC,256,1,OMP,1,8388608,89536000,75194000
schedule-test,4,vectoradd,8388608,DYNAMIC,256,1,OMP,1,8388608,56766000,36426000
schedule-test,5,vectoradd,8388608,DYNAMIC,256,1,OMP,1,8388608,75421000,49854000
schedule-test,6,vectoradd,8388608,DYNAMIC,256,1,OMP,1,8388608,50833000,29015000
schedule-test,7,vectoradd,8388608,DYNAMIC,256,1,OMP,1,8388608,67789000,37749000
schedule-test,8,vectoradd,8388608,DYNAMIC,256,1,OMP,1,8388608,72772000,37438000
schedule-test,9,vectoradd,8388608,DYNAMIC,256,1,OMP,1,8388608,72913000,46375000
schedule-test,10,vectoradd,8388608,DYNAMIC,256,1,OMP,1,8388608,54185000,30670000
schedule-test,1,vectoradd,8388608,GUIDED,16,1,OMP,1,8388608,65984000,30312000
schedule-test,2,vectoradd,8388608,GUIDED,16,1,OMP,1,8388608,96497000,49160000
schedule-test,3,vectoradd,8388608,GUIDED,16,1,OMP,1,8388608,113712000,39645000
schedule-test,4,vectoradd,8388608,GUIDED,16,1,OMP,1,8388608,51484000,26623000
schedule-test,5,vectoradd,8388608,GUIDED,16,1,OMP,1,8388608,61305000,28314000
schedule-test,6,vectoradd,8388608,GUIDED,16,1,OMP,1,8388608,64233000,38830000
schedule-test,7,vectoradd,8388608,GUIDED,16,1,OMP,1,8388608,58784000,36786000
schedule-test,8,vectoradd,8388608,GUIDED,16,1,OMP,1,8388608,68593000,35061000
schedule-test,9,vectoradd,8388608,GUIDED,16,1,OMP,1,8388608,50833000,41374000
schedule-test,10,vectoradd,8388608,GUIDED,16,1,OMP,1,8388608,69957000,38274000
schedule-test,1,vectoradd,8388608,GUIDED,32,1,OMP,1,8388608,63547000,33460000
schedule-test,2,vectoradd,8388608,GUIDED,32,1,OMP,1,8388608,57580000,29256000
schedule-test,3,vectoradd,8388608,GUIDED,32,1,OMP,1,8388608,54404000,41896000
schedule-test,4,vectoradd,8388608,GUIDED,32,1,OMP,1,8388608,116117000,56734000
schedule-test,5,vectoradd,8388608,GUIDED,32,1,OMP,1,8388608,74811000,28226000
schedule-test,6,vectoradd,8388608,GUIDED,32,1,OMP,1,8388608,51938000,27473000
schedule-test,7,vectoradd,8388608,GUIDED,32,1,OMP,1,8388608,53522000,27762000
schedule-test,8,vectoradd,8388608,GUIDED,32,1,OMP,1,8388608,65144000,40028000
schedule-test,9,vectoradd,8388608,GUIDED,32,1,OMP,1,8388608,66668000,35803000
schedule-test,10,vectoradd,8388608,GUIDED,32,1,OMP,1,8388608,62825000,33128000
schedule-test,1,vectoradd,8388608,GUIDED,64,1,OMP,1,8388608,72916000,50497000
schedule-test,2,vectoradd,8388608,GUIDED,64,1,OMP,1,8388608,57103000,37769000
schedule-test,3,vectoradd,8388608,GUIDED,64,1,OMP,1,8388608,67303000,35496000
schedule-test,4,vectoradd,8388608,GUIDED,64,1,OMP,1,8388608,59449000,28842000
schedule-test,5,vectoradd,8388608,GUIDED,64,1,OMP,1,8388608,77433000,30925000
schedule-test,6,vectoradd,8388608,GUIDED,64,1,OMP,1,8388608,56729000,29040000
schedule-test,7,vectoradd,8388608,GUIDED,64,1,OMP,1,8388608,71340000,32981000
schedule-test,8,vectoradd,8388608,GUIDED,64,1,OMP,1,8388608,68088000,29868000
schedule-test,9,vectoradd,8388608,GUIDED,64,1,OMP,1,8388608,56434000,28249000
schedule-test,10,vectoradd,8388608,GUIDED,64,1,OMP,1,8388608,51695000,31939000
schedule-test,1,vectoradd,8388608,GUIDED,128,1,OMP,1,8388608,74878000,47009000
schedule-test,2,vectoradd,8388608,GUIDED,128,1,OMP,1,8388608,80352000,43085000
schedule-test,3,vectoradd,8388608,GUIDED,128,1,OMP,1,8388608,65309000,31113000
schedule-test,4,vectoradd,8388608,GUIDED,128,1,OMP,1,8388608,67410000,33859000
schedule-test,5,vectoradd,8388608,GUIDED,128,1,OMP,1,8388608,59450000,29716000
schedule-test,6,vectoradd,8388608,GUIDED,128,1,OMP,1,8388608,74813000,40588000
schedule-test,7,vectoradd,8388608,GUIDED,128,1,OMP,1,8388608,54840000,28447000
schedule-test,8,vectoradd,8388608,GUIDED,128,1,OMP,1,8388608,53560000,26962000
schedule-test,9,vectoradd,8388608,GUIDED,128,1,OMP,1,8388608,53739000,29784000
schedule-test,10,vectoradd,8388608,GUIDED,128,1,OMP,1,8388608,52211000,28040000
schedule-test,1,vectoradd,8388608,GUIDED,256,1,OMP,1,8388608,72244000,35179000
schedule-test,2,vectoradd,8388608,GUIDED,256,1,OMP,1,8388608,94716000,43886000
schedule-test,3,vectoradd,8388608,GUIDED,256,1,OMP,1,8388608,78202000,30866000
schedule-test,4,vectoradd,8388608,GUIDED,256,1,OMP,1,8388608,59947000,31190000
schedule-test,5,vectoradd,8388608,GUIDED,256,1,OMP,1,8388608,54045000,28866000
schedule-test,6,vectoradd,8388608,GUIDED,256,1,OMP,1,8388608,62030000,29356000
schedule-test,7,vectoradd,8388608,GUIDED,256,1,OMP,1,8388608,60439000,28553000
schedule-test,8,vectoradd,8388608,GUIDED,256,1,OMP,1,8388608,66973000,43295000
schedule-test,9,vectoradd,8388608,GUIDED,256,1,OMP,1,8388608,64203000,33579000
schedule-test,10,vectoradd,8388608,GUIDED,256,1,OMP,1,8388608,64062000,36614000
schedule-test,1,vectoradd,8388608,STATIC,16,2,OMP,2,8388608,85559000,204905000
schedule-test,2,vectoradd,8388608,STATIC,16,2,OMP,2,8388608,117265000,239707000
schedule-test,3,vectoradd,8388608,STATIC,16,2,OMP,2,8388608,67606000,186233000
schedule-test,4,vectoradd,8388608,STATIC,16,2,OMP,2,8388608,61392000,179250000
schedule-test,5,vectoradd,8388608,STATIC,16,2,OMP,2,8388608,66908000,240968000
schedule-test,6,vectoradd,8388608,STATIC,16,2,OMP,2,8388608,64149000,206378000
schedule-test,7,vectoradd,8388608,STATIC,16,2,OMP,2,8388608,62232000,271825000
schedule-test,8,vectoradd,8388608,STATIC,16,2,OMP,2,8388608,54264000,176042000
schedule-test,9,vectoradd,8388608,STATIC,16,2,OMP,2,8388608,97482000,263860000
schedule-test,10,vectoradd,8388608,STATIC,16,2,OMP,2,8388608,64986000,234032000
schedule-test,1,vectoradd,8388608,STATIC,32,2,OMP,2,8388608,55936000,207594000
schedule-test,2,vectoradd,8388608,STATIC,32,2,OMP,2,8388608,65319000,182434000
schedule-test,3,vectoradd,8388608,STATIC,32,2,OMP,2,8388608,65366000,238726000
schedule-test,4,vectoradd,8388608,STATIC,32,2,OMP,2,8388608,101098000,288939000
schedule-test,5,vectoradd,8388608,STATIC,32,2,OMP,2,8388608,93530000,263409000
schedule-test,6,vectoradd,8388608,STATIC,32,2,OMP,2,8388608,79224000,234841000
schedule-test,7,vectoradd,8388608,STATIC,32,2,OMP,2,8388608,101321000,190494000
schedule-test,8,vectoradd,8388608,STATIC,32,2,OMP,2,8388608,68078000,269320000
schedule-test,9,vectoradd,8388608,STATIC,32,2,OMP,2,8388608,67053000,174616000
schedule-test,10,vectoradd,8388608,STATIC,32,2,OMP,2,8388608,59731000,163794000
schedule-test,1,vectoradd,8388608,STATIC,64,2,OMP,2,8388608,60766000,240925000
schedule-test,2,vectoradd,8388608,STATIC,64,2,OMP,2,8388608,96909000,207618000
schedule-test,3,vectoradd,8388608,STATIC,64,2,OMP,2,8388608,55514000,220468000
schedule-test,4,vectoradd,8388608,STATIC,64,2,OMP,2,8388608,79375000,176096000
schedule-test,5,vectoradd,8388608,STATIC,64,2,OMP,2,8388608,60237000,213266000
schedule-test,6,vectoradd,8388608,STATIC,64,2,OMP,2,8388608,69374000,168325000
schedule-test,7,vectoradd,8388608,STATIC,64,2,OMP,2,8388608,64880000,200598000
schedule-test,8,vectoradd,8388608,STATIC,64,2,OMP,2,8388608,74376000,232491000
schedule-test,9,vectoradd,8388608,STATIC,64,2,OMP,2,8388608,71981000,185861000
schedule-test,10,vectoradd,8388608,STATIC,64,2,OMP,2,8388608,72968000,223350000
schedule-test,1,vectoradd,8388608,STATIC,128,2,OMP,2,8388608,58136000,175060000
schedule-test,2,vectoradd,8388608,STATIC,128,2,OMP,2,8388608,79635000,250729000
schedule-test,3,vectoradd,8388608,STATIC,128,2,OMP,2,8388608,63444000,139983000
schedule-test,4,vectoradd,8388608,STATIC,128,2,OMP,2,8388608,70265000,254355000
schedule-test,5,vectoradd,8388608,STATIC,128,2,OMP,2,8388608,60415000,150732000
schedule-test,6,vectoradd,8388608,STATIC,128,2,OMP,2,8388608,54468000,196431000
schedule-test,7,vectoradd,8388608,STATIC,128,2,OMP,2,8388608,57309000,173233000
schedule-test,8,vectoradd,8388608,STATIC,128,2,OMP,2,8388608,68407000,169100000
schedule-test,9,vectoradd,8388608,STATIC,128,2,OMP,2,8388608,74321000,217500000
schedule-test,10,vectoradd,8388608,STATIC,128,2,OMP,2,8388608,77243000,241871000
schedule-test,1,vectoradd,8388608,STATIC,256,2,OMP,2,8388608,60973000,208386000
schedule-test,2,vectoradd,8388608,STATIC,256,2,OMP,2,8388608,78057000,213416000
schedule-test,3,vectoradd,8388608,STATIC,256,2,OMP,2,8388608,76311000,163521000
schedule-test,4,vectoradd,8388608,STATIC,256,2,OMP,2,8388608,57289000,203155000
schedule-test,5,vectoradd,8388608,STATIC,256,2,OMP,2,8388608,52548000,189437000
schedule-test,6,vectoradd,8388608,STATIC,256,2,OMP,2,8388608,74586000,197193000
schedule-test,7,vectoradd,8388608,STATIC,256,2,OMP,2,8388608,68235000,173967000
schedule-test,8,vectoradd,8388608,STATIC,256,2,OMP,2,8388608,63583000,184318000
schedule-test,9,vectoradd,8388608,STATIC,256,2,OMP,2,8388608,86315000,248353000
schedule-test,10,vectoradd,8388608,STATIC,256,2,OMP,2,8388608,68651000,190566000
schedule-test,1,vectoradd,8388608,DYNAMIC,16,2,OMP,2,8388608,57937000,33736000
schedule-test,2,vectoradd,8388608,DYNAMIC,16,2,OMP,2,8388608,123720000,35373000
schedule-test,3,vectoradd,8388608,DYNAMIC,16,2,OMP,2,8388608,84065000,50329000
schedule-test,4,vectoradd,8388608,DYNAMIC,16,2,OMP,2,8388608,53970000,37711000
schedule-test,5,vectoradd,8388608,DYNAMIC,16,2,OMP,2,8388608,61541000,35578000
schedule-test,6,vectoradd,8388608,DYNAMIC,16,2,OMP,2,8388608,57205000,37883000
schedule-test,7,vectoradd,8388608,DYNAMIC,16,2,OMP,2,8388608,62973000,35571000
schedule-test,8,vectoradd,8388608,DYNAMIC,16,2,OMP,2,8388608,54224000,37236000
schedule-test,9,vectoradd,8388608,DYNAMIC,16,2,OMP,2,8388608,57049000,38672000
schedule-test,10,vectoradd,8388608,DYNAMIC,16,2,OMP,2,8388608,63331000,40960000
schedule-test,1,vectoradd,8388608,DYNAMIC,32,2,OMP,2,8388608,52025000,33901000
schedule-test,2,vectoradd,8388608,DYNAMIC,32,2,OMP,2,8388608,78149000,31689000
schedule-test,3,vectoradd,8388608,DYNAMIC,32,2,OMP,2,8388608,124714000,37819000
schedule-test,4,vectoradd,8388608,DYNAMIC,32,2,OMP,2,8388608,52878000,25120000
schedule-test,5,vectoradd,8388608,DYNAMIC,32,2,OMP,2,8388608,50068000,24609000
schedule-test,6,vectoradd,8388608,DYNAMIC,32,2,OMP,2,8388608,63038000,27764000
schedule-test,7,vectoradd,8388608,DYNAMIC,32,2,OMP,2,8388608,96714000,43148000
schedule-test,8,vectoradd,8388608,DYNAMIC,32,2,OMP,2,8388608,70528000,35129000
schedule-test,9,vectoradd,8388608,DYNAMIC,32,2,OMP,2,8388608,83457000,45390000
schedule-test,10,vectoradd,8388608,DYNAMIC,32,2,OMP,2,8388608,55998000,27251000
schedule-test,1,vectoradd,8388608,DYNAMIC,64,2,OMP,2,8388608,60468000,26027000
schedule-test,2,vectoradd,8388608,DYNAMIC,64,2,OMP,2,8388608,64846000,28172000
schedule-test,3,vectoradd,8388608,DYNAMIC,64,2,OMP,2,8388608,70570000,33060000
schedule-test,4,vectoradd,8388608,DYNAMIC,64,2,OMP,2,8388608,56699000,31318000
schedule-test,5,vectoradd,8388608,DYNAMIC,64,2,OMP,2,8388608,119525000,37733000
schedule-test,6,vectoradd,8388608,DYNAMIC,64,2,OMP,2,8388608,54782000,26825000
schedule-test,7,vectoradd,8388608,DYNAMIC,64,2,OMP,2,8388608,73691000,38333000
schedule-test,8,vectoradd,8388608,DYNAMIC,64,2,OMP,2,8388608,54688000,24901000
schedule-test,9,vectoradd,8388608,DYNAMIC,64,2,OMP,2,8388608,52648000,26658000
schedule-test,10,vectoradd,8388608,DYNAMIC,64,2,OMP,2,8388608,68058000,27026000
schedule-test,1,vectoradd,8388608,DYNAMIC,128,2,OMP,2,8388608,62959000,30815000
schedule-test,2,vectoradd,8388608,DYNAMIC,128,2,OMP,2,8388608,378060000,98460000
schedule-test,3,vectoradd,8388608,DYNAMIC,128,2,OMP,2,8388608,133823000,95728000
schedule-test,4,vectoradd,8388608,DYNAMIC,128,2,OMP,2,8388608,147857000,52775000
schedule-test,5,vectoradd,8388608,DYNAMIC,128,2,OMP,2,8388608,183269000,33457000
schedule-test,6,vectoradd,8388608,DYNAMIC,128,2,OMP,2,8388608,67502000,30908000
schedule-test,7,vectoradd,8388608,DYNAMIC,128,2,OMP,2,8388608,55584000,22972000
schedule-test,8,vectoradd,8388608,DYNAMIC,128,2,OMP,2,8388608,74620000,42497000
schedule-test,9,vectoradd,8388608,DYNAMIC,128,2,OMP,2,8388608,82994000,30569000
schedule-test,10,vectoradd,8388608,DYNAMIC,128,2,OMP,2,8388608,70308000,32501000
schedule-test,1,vectoradd,8388608,DYNAMIC,256,2,OMP,2,8388608,68370000,27792000
schedule-test,2,vectoradd,8388608,DYNAMIC,256,2,OMP,2,8388608,93707000,41679000
schedule-test,3,vectoradd,8388608,DYNAMIC,256,2,OMP,2,8388608,93669000,52326000
schedule-test,4,vectoradd,8388608,DYNAMIC,256,2,OMP,2,8388608,90784000,42482000
schedule-test,5,vectoradd,8388608,DYNAMIC,256,2,OMP,2,8388608,61368000,24739000
schedule-test,6,vectoradd,8388608,DYNAMIC,256,2,OMP,2,8388608,68830000,25106000
schedule-test,7,vectoradd,8388608,DYNAMIC,256,2,OMP,2,8388608,59746000,24381000
schedule-test,8,vectoradd,8388608,DYNAMIC,256,2,OMP,2,8388608,94855000,30959000
schedule-test,9,vectoradd,8388608,DYNAMIC,256,2,OMP,2,8388608,71772000,29984000
schedule-test,10,vectoradd,8388608,DYNAMIC,256,2,OMP,2,8388608,106048000,39297000
schedule-test,1,vectoradd,8388608,GUIDED,16,2,OMP,2,8388608,119279000,34569000
schedule-test,2,vectoradd,8388608,GUIDED,16,2,OMP,2,8388608,86265000,40786000
schedule-test,3,vectoradd,8388608,GUIDED,16,2,OMP,2,8388608,136665000,30355000
schedule-test,4,vectoradd,8388608,GUIDED,16,2,OMP,2,8388608,253992000,35685000
schedule-test,5,vectoradd,8388608,GUIDED,16,2,OMP,2,8388608,67238000,34180000
schedule-test,6,vectoradd,8388608,GUIDED,16,2,OMP,2,8388608,63026000,23311000
schedule-test,7,vectoradd,8388608,GUIDED,16,2,OMP,2,8388608,73127000,26587000
schedule-test,8,vectoradd,8388608,GUIDED,16,2,OMP,2,8388608,67038000,22178000
schedule-test,9,vectoradd,8388608,GUIDED,16,2,OMP,2,8388608,66190000,26618000
schedule-test,10,vectoradd,8388608,GUIDED,16,2,OMP,2,8388608,62817000,23185000
schedule-test,1,vectoradd,8388608,GUIDED,32,2,OMP,2,8388608,65566000,23339000
schedule-test,2,vectoradd,8388608,GUIDED,32,2,OMP,2,8388608,137253000,31547000
schedule-test,3,vectoradd,8388608,GUIDED,32,2,OMP,2,8388608,83042000,55712000
schedule-test,4,vectoradd,8388608,GUIDED,32,2,OMP,2,8388608,69033000,26676000
schedule-test,5,vectoradd,8388608,GUIDED,32,2,OMP,2,8388608,88640000,24090000
schedule-test,6,vectoradd,8388608,GUIDED,32,2,OMP,2,8388608,63099000,20760000
schedule-test,7,vectoradd,8388608,GUIDED,32,2,OMP,2,8388608,72221000,23214000
schedule-test,8,vectoradd,8388608,GUIDED,32,2,OMP,2,8388608,66526000,23776000
schedule-test,9,vectoradd,8388608,GUIDED,32,2,OMP,2,8388608,68672000,25553000
schedule-test,10,vectoradd,8388608,GUIDED,32,2,OMP,2,8388608,84072000,31125000
schedule-test,1,vectoradd,8388608,GUIDED,64,2,OMP,2,8388608,81953000,32166000
schedule-test,2,vectoradd,8388608,GUIDED,64,2,OMP,2,8388608,104504000,82568000
schedule-test,3,vectoradd,8388608,GUIDED,64,2,OMP,2,8388608,101897000,31865000
schedule-test,4,vectoradd,8388608,GUIDED,64,2,OMP,2,8388608,84109000,25775000
schedule-test,5,vectoradd,8388608,GUIDED,64,2,OMP,2,8388608,108416000,55759000
schedule-test,6,vectoradd,8388608,GUIDED,64,2,OMP,2,8388608,69939000,28051000
schedule-test,7,vectoradd,8388608,GUIDED,64,2,OMP,2,8388608,67331000,23453000
schedule-test,8,vectoradd,8388608,GUIDED,64,2,OMP,2,8388608,67122000,21516000
schedule-test,9,vectoradd,8388608,GUIDED,64,2,OMP,2,8388608,66410000,27341000
schedule-test,10,vectoradd,8388608,GUIDED,64,2,OMP,2,8388608,73612000,26591000
schedule-test,1,vectoradd,8388608,GUIDED,128,2,OMP,2,8388608,104553000,33661000
schedule-test,2,vectoradd,8388608,GUIDED,128,2,OMP,2,8388608,140380000,27257000
schedule-test,3,vectoradd,8388608,GUIDED,128,2,OMP,2,8388608,114856000,39262000
schedule-test,4,vectoradd,8388608,GUIDED,128,2,OMP,2,8388608,75289000,23482000
schedule-test,5,vectoradd,8388608,GUIDED,128,2,OMP,2,8388608,80097000,27915000
schedule-test,6,vectoradd,8388608,GUIDED,128,2,OMP,2,8388608,65754000,25511000
schedule-test,7,vectoradd,8388608,GUIDED,128,2,OMP,2,8388608,65084000,23911000
schedule-test,8,vectoradd,8388608,GUIDED,128,2,OMP,2,8388608,63700000,22036000
schedule-test,9,vectoradd,8388608,GUIDED,128,2,OMP,2,8388608,83512000,25181000
schedule-test,10,vectoradd,8388608,GUIDED,128,2,OMP,2,8388608,72756000,23190000
schedule-test,1,vectoradd,8388608,GUIDED,256,2,OMP,2,8388608,101693000,42078000
schedule-test,2,vectoradd,8388608,GUIDED,256,2,OMP,2,8388608,127897000,29048000
schedule-test,3,vectoradd,8388608,GUIDED,256,2,OMP,2,8388608,85241000,33966000
schedule-test,4,vectoradd,8388608,GUIDED,256,2,OMP,2,8388608,75240000,24798000
schedule-test,5,vectoradd,8388608,GUIDED,256,2,OMP,2,8388608,80825000,24639000
schedule-test,6,vectoradd,8388608,GUIDED,256,2,OMP,2,8388608,66641000,26605000
schedule-test,7,vectoradd,8388608,GUIDED,256,2,OMP,2,8388608,69101000,22306000
schedule-test,8,vectoradd,8388608,GUIDED,256,2,OMP,2,8388608,69457000,22416000
schedule-test,9,vectoradd,8388608,GUIDED,256,2,OMP,2,8388608,63956000,21660000
schedule-test,10,vectoradd,8388608,GUIDED,256,2,OMP,2,8388608,72315000,27840000
schedule-test,1,vectoradd,8388608,STATIC,16,4,OMP,4,8388608,91268000,218844000
schedule-test,2,vectoradd,8388608,STATIC,16,4,OMP,4,8388608,112497000,254731000
schedule-test,3,vectoradd,8388608,STATIC,16,4,OMP,4,8388608,70582000,258920000
schedule-test,4,vectoradd,8388608,STATIC,16,4,OMP,4,8388608,65211000,277799000
schedule-test,5,vectoradd,8388608,STATIC,16,4,OMP,4,8388608,66510000,264192000
schedule-test,6,vectoradd,8388608,STATIC,16,4,OMP,4,8388608,65405000,269642000
schedule-test,7,vectoradd,8388608,STATIC,16,4,OMP,4,8388608,71803000,255705000
schedule-test,8,vectoradd,8388608,STATIC,16,4,OMP,4,8388608,65458000,268739000
schedule-test,9,vectoradd,8388608,STATIC,16,4,OMP,4,8388608,67189000,271933000
schedule-test,10,vectoradd,8388608,STATIC,16,4,OMP,4,8388608,63168000,253379000
schedule-test,1,vectoradd,8388608,STATIC,32,4,OMP,4,8388608,100282000,213498000
schedule-test,2,vectoradd,8388608,STATIC,32,4,OMP,4,8388608,118014000,229043000
schedule-test,3,vectoradd,8388608,STATIC,32,4,OMP,4,8388608,67412000,256297000
schedule-test,4,vectoradd,8388608,STATIC,32,4,OMP,4,8388608,67376000,261739000
schedule-test,5,vectoradd,8388608,STATIC,32,4,OMP,4,8388608,66925000,257339000
schedule-test,6,vectoradd,8388608,STATIC,32,4,OMP,4,8388608,66856000,259511000
schedule-test,7,vectoradd,8388608,STATIC,32,4,OMP,4,8388608,65564000,272502000
schedule-test,8,vectoradd,8388608,STATIC,32,4,OMP,4,8388608,204739000,266497000
schedule-test,9,vectoradd,8388608,STATIC,32,4,OMP,4,8388608,100334000,227452000
schedule-test,10,vectoradd,8388608,STATIC,32,4,OMP,4,8388608,82681000,243222000
schedule-test,1,vectoradd,8388608,STATIC,64,4,OMP,4,8388608,75769000,244353000
schedule-test,2,vectoradd,8388608,STATIC,64,4,OMP,4,8388608,73575000,269149000
schedule-test,3,vectoradd,8388608,STATIC,64,4,OMP,4,8388608,88048000,260285000
schedule-test,4,vectoradd,8388608,STATIC,64,4,OMP,4,8388608,67178000,264370000
schedule-test,5,vectoradd,8388608,STATIC,64,4,OMP,4,8388608,62658000,267639000
schedule-test,6,vectoradd,8388608,STATIC,64,4,OMP,4,8388608,67535000,252874000
schedule-test,7,vectoradd,8388608,STATIC,64,4,OMP,4,8388608,77584000,270367000
schedule-test,8,vectoradd,8388608,STATIC,64,4,OMP,4,8388608,68503000,270581000
schedule-test,9,vectoradd,8388608,STATIC,64,4,OMP,4,8388608,56867000,267098000
schedule-test,10,vectoradd,8388608,STATIC,64,4,OMP,4,8388608,56360000,272345000
schedule-test,1,vectoradd,8388608,STATIC,128,4,OMP,4,8388608,94959000,225337000
schedule-test,2,vectoradd,8388608,STATIC,128,4,OMP,4,8388608,92445000,259116000
schedule-test,3,vectoradd,8388608,STATIC,128,4,OMP,4,8388608,65127000,267327000
schedule-test,4,vectoradd,8388608,STATIC,128,4,OMP,4,8388608,77403000,276120000
schedule-test,5,vectoradd,8388608,STATIC,128,4,OMP,4,8388608,65922000,259952000
schedule-test,6,vectoradd,8388608,STATIC,128,4,OMP,4,8388608,61948000,263318000
schedule-test,7,vectoradd,8388608,STATIC,128,4,OMP,4,8388608,75454000,252552000
schedule-test,8,vectoradd,8388608,STATIC,128,4,OMP,4,8388608,66489000,258943000
schedule-test,9,vectoradd,8388608,STATIC,128,4,OMP,4,8388608,66917000,238798000
schedule-test,10,vectoradd,8388608,STATIC,128,4,OMP,4,8388608,64088000,267442000
schedule-test,1,vectoradd,8388608,STATIC,256,4,OMP,4,8388608,67823000,258621000
schedule-test,2,vectoradd,8388608,STATIC,256,4,OMP,4,8388608,221489000,267985000
schedule-test,3,vectoradd,8388608,STATIC,256,4,OMP,4,8388608,71214000,249271000
schedule-test,4,vectoradd,8388608,STATIC,256,4,OMP,4,8388608,80121000,260311000
schedule-test,5,vectoradd,8388608,STATIC,256,4,OMP,4,8388608,64972000,235208000
schedule-test,6,vectoradd,8388608,STATIC,256,4,OMP,4,8388608,64203000,269009000
schedule-test,7,vectoradd,8388608,STATIC,256,4,OMP,4,8388608,67018000,259092000
schedule-test,8,vectoradd,8388608,STATIC,256,4,OMP,4,8388608,64842000,270786000
schedule-test,9,vectoradd,8388608,STATIC,256,4,OMP,4,8388608,61194000,261472000
schedule-test,10,vectoradd,8388608,STATIC,256,4,OMP,4,8388608,63954000,260415000
schedule-test,1,vectoradd,8388608,DYNAMIC,16,4,OMP,4,8388608,67989000,36553000
schedule-test,2,vectoradd,8388608,DYNAMIC,16,4,OMP,4,8388608,86349000,37735000
schedule-test,3,vectoradd,8388608,DYNAMIC,16,4,OMP,4,8388608,71959000,30602000
schedule-test,4,vectoradd,8388608,DYNAMIC,16,4,OMP,4,8388608,59163000,28216000
schedule-test,5,vectoradd,8388608,DYNAMIC,16,4,OMP,4,8388608,56631000,33943000
schedule-test,6,vectoradd,8388608,DYNAMIC,16,4,OMP,4,8388608,73596000,41142000
schedule-test,7,vectoradd,8388608,DYNAMIC,16,4,OMP,4,8388608,64432000,41890000
schedule-test,8,vectoradd,8388608,DYNAMIC,16,4,OMP,4,8388608,69313000,50019000
schedule-test,9,vectoradd,8388608,DYNAMIC,16,4,OMP,4,8388608,85346000,52453000
schedule-test,10,vectoradd,8388608,DYNAMIC,16,4,OMP,4,8388608,76382000,41431000
schedule-test,1,vectoradd,8388608,DYNAMIC,32,4,OMP,4,8388608,64802000,39797000
schedule-test,2,vectoradd,8388608,DYNAMIC,32,4,OMP,4,8388608,87037000,49987000
schedule-test,3,vectoradd,8388608,DYNAMIC,32,4,OMP,4,8388608,98260000,31698000
schedule-test,4,vectoradd,8388608,DYNAMIC,32,4,OMP,4,8388608,70994000,34218000
schedule-test,5,vectoradd,8388608,DYNAMIC,32,4,OMP,4,8388608,71623000,33675000
schedule-test,6,vectoradd,8388608,DYNAMIC,32,4,OMP,4,8388608,59461000,21819000
schedule-test,7,vectoradd,8388608,DYNAMIC,32,4,OMP,4,8388608,78084000,24625000
schedule-test,8,vectoradd,8388608,DYNAMIC,32,4,OMP,4,8388608,57757000,23918000
schedule-test,9,vectoradd,8388608,DYNAMIC,32,4,OMP,4,8388608,73324000,23074000
schedule-test,10,vectoradd,8388608,DYNAMIC,32,4,OMP,4,8388608,71296000,26363000
schedule-test,1,vectoradd,8388608,DYNAMIC,64,4,OMP,4,8388608,65823000,34610000
schedule-test,2,vectoradd,8388608,DYNAMIC,64,4,OMP,4,8388608,113063000,40597000
schedule-test,3,vectoradd,8388608,DYNAMIC,64,4,OMP,4,8388608,87985000,27514000
schedule-test,4,vectoradd,8388608,DYNAMIC,64,4,OMP,4,8388608,91993000,20921000
schedule-test,5,vectoradd,8388608,DYNAMIC,64,4,OMP,4,8388608,67642000,26603000
schedule-test,6,vectoradd,8388608,DYNAMIC,64,4,OMP,4,8388608,88354000,41149000
schedule-test,7,vectoradd,8388608,DYNAMIC,64,4,OMP,4,8388608,73222000,40357000
schedule-test,8,vectoradd,8388608,DYNAMIC,64,4,OMP,4,8388608,80231000,30406000
schedule-test,9,vectoradd,8388608,DYNAMIC,64,4,OMP,4,8388608,98480000,44105000
schedule-test,10,vectoradd,8388608,DYNAMIC,64,4,OMP,4,8388608,92602000,43851000
schedule-test,1,vectoradd,8388608,DYNAMIC,128,4,OMP,4,8388608,71735000,31142000
schedule-test,2,vectoradd,8388608,DYNAMIC,128,4,OMP,4,8388608,63521000,24275000
schedule-test,3,vectoradd,8388608,DYNAMIC,128,4,OMP,4,8388608,67960000,34076000
schedule-test,4,vectoradd,8388608,DYNAMIC,128,4,OMP,4,8388608,88066000,34801000
schedule-test,5,vectoradd,8388608,DYNAMIC,128,4,OMP,4,8388608,68233000,31446000
schedule-test,6,vectoradd,8388608,DYNAMIC,128,4,OMP,4,8388608,71368000,27700000
schedule-test,7,vectoradd,8388608,DYNAMIC,128,4,OMP,4,8388608,81347000,21737000
schedule-test,8,vectoradd,8388608,DYNAMIC,128,4,OMP,4,8388608,82900000,26593000
schedule-test,9,vectoradd,8388608,DYNAMIC,128,4,OMP,4,8388608,65363000,28771000
schedule-test,10,vectoradd,8388608,DYNAMIC,128,4,OMP,4,8388608,84608000,31361000
schedule-test,1,vectoradd,8388608,DYNAMIC,256,4,OMP,4,8388608,60410000,17060000
schedule-test,2,vectoradd,8388608,DYNAMIC,256,4,OMP,4,8388608,76223000,28885000
schedule-test,3,vectoradd,8388608,DYNAMIC,256,4,OMP,4,8388608,112003000,41364000
schedule-test,4,vectoradd,8388608,DYNAMIC,256,4,OMP,4,8388608,71879000,20965000
schedule-test,5,vectoradd,8388608,DYNAMIC,256,4,OMP,4,8388608,99349000,49943000
schedule-test,6,vectoradd,8388608,DYNAMIC,256,4,OMP,4,8388608,71122000,28626000
schedule-test,7,vectoradd,8388608,DYNAMIC,256,4,OMP,4,8388608,71805000,16900000
schedule-test,8,vectoradd,8388608,DYNAMIC,256,4,OMP,4,8388608,57324000,18943000
schedule-test,9,vectoradd,8388608,DYNAMIC,256,4,OMP,4,8388608,67800000,24297000
schedule-test,10,vectoradd,8388608,DYNAMIC,256,4,OMP,4,8388608,80368000,25414000
schedule-test,1,vectoradd,8388608,GUIDED,16,4,OMP,4,8388608,66397000,24856000
schedule-test,2,vectoradd,8388608,GUIDED,16,4,OMP,4,8388608,79019000,34357000
schedule-test,3,vectoradd,8388608,GUIDED,16,4,OMP,4,8388608,74282000,31631000
schedule-test,4,vectoradd,8388608,GUIDED,16,4,OMP,4,8388608,62070000,15867000
schedule-test,5,vectoradd,8388608,GUIDED,16,4,OMP,4,8388608,61446000,14884000
schedule-test,6,vectoradd,8388608,GUIDED,16,4,OMP,4,8388608,56571000,18234000
schedule-test,7,vectoradd,8388608,GUIDED,16,4,OMP,4,8388608,93005000,29585000
schedule-test,8,vectoradd,8388608,GUIDED,16,4,OMP,4,8388608,63660000,20514000
schedule-test,9,vectoradd,8388608,GUIDED,16,4,OMP,4,8388608,93471000,42746000
schedule-test,10,vectoradd,8388608,GUIDED,16,4,OMP,4,8388608,95810000,35164000
schedule-test,1,vectoradd,8388608,GUIDED,32,4,OMP,4,8388608,56965000,18109000
schedule-test,2,vectoradd,8388608,GUIDED,32,4,OMP,4,8388608,55986000,18513000
schedule-test,3,vectoradd,8388608,GUIDED,32,4,OMP,4,8388608,76627000,27167000
schedule-test,4,vectoradd,8388608,GUIDED,32,4,OMP,4,8388608,66415000,28205000
schedule-test,5,vectoradd,8388608,GUIDED,32,4,OMP,4,8388608,92697000,31340000
schedule-test,6,vectoradd,8388608,GUIDED,32,4,OMP,4,8388608,95213000,60605000
schedule-test,7,vectoradd,8388608,GUIDED,32,4,OMP,4,8388608,183904000,37198000
schedule-test,8,vectoradd,8388608,GUIDED,32,4,OMP,4,8388608,89066000,27026000
schedule-test,9,vectoradd,8388608,GUIDED,32,4,OMP,4,8388608,71522000,29469000
schedule-test,10,vectoradd,8388608,GUIDED,32,4,OMP,4,8388608,67524000,21619000
schedule-test,1,vectoradd,8388608,GUIDED,64,4,OMP,4,8388608,165256000,37382000
schedule-test,2,vectoradd,8388608,GUIDED,64,4,OMP,4,8388608,109103000,50676000
schedule-test,3,vectoradd,8388608,GUIDED,64,4,OMP,4,8388608,94080000,33282000
schedule-test,4,vectoradd,8388608,GUIDED,64,4,OMP,4,8388608,67847000,26119000
schedule-test,5,vectoradd,8388608,GUIDED,64,4,OMP,4,8388608,68148000,22135000
schedule-test,6,vectoradd,8388608,GUIDED,64,4,OMP,4,8388608,76092000,29351000
schedule-test,7,vectoradd,8388608,GUIDED,64,4,OMP,4,8388608,64702000,19625000
schedule-test,8,vectoradd,8388608,GUIDED,64,4,OMP,4,8388608,58205000,18381000
schedule-test,9,vectoradd,8388608,GUIDED,64,4,OMP,4,8388608,72369000,17543000
schedule-test,10,vectoradd,8388608,GUIDED,64,4,OMP,4,8388608,82149000,29735000
schedule-test,1,vectoradd,8388608,GUIDED,128,4,OMP,4,8388608,77433000,26725000
schedule-test,2,vectoradd,8388608,GUIDED,128,4,OMP,4,8388608,77336000,23195000
schedule-test,3,vectoradd,8388608,GUIDED,128,4,OMP,4,8388608,73865000,24545000
schedule-test,4,vectoradd,8388608,GUIDED,128,4,OMP,4,8388608,72350000,25159000
schedule-test,5,vectoradd,8388608,GUIDED,128,4,OMP,4,8388608,60369000,23742000
schedule-test,6,vectoradd,8388608,GUIDED,128,4,OMP,4,8388608,69293000,23432000
schedule-test,7,vectoradd,8388608,GUIDED,128,4,OMP,4,8388608,71139000,31253000
schedule-test,8,vectoradd,8388608,GUIDED,128,4,OMP,4,8388608,68650000,28707000
schedule-test,9,vectoradd,8388608,GUIDED,128,4,OMP,4,8388608,133831000,43499000
schedule-test,10,vectoradd,8388608,GUIDED,128,4,OMP,4,8388608,57869000,15359000
schedule-test,1,vectoradd,8388608,GUIDED,256,4,OMP,4,8388608,63555000,21971000
schedule-test,2,vectoradd,8388608,GUIDED,256,4,OMP,4,8388608,89266000,31519000
schedule-test,3,vectoradd,8388608,GUIDED,256,4,OMP,4,8388608,59790000,15059000
schedule-test,4,vectoradd,8388608,GUIDED,256,4,OMP,4,8388608,72966000,33520000
schedule-test,5,vectoradd,8388608,GUIDED,256,4,OMP,4,8388608,91509000,28534000
schedule-test,6,vectoradd,8388608,GUIDED,256,4,OMP,4,8388608,96366000,20046000
schedule-test,7,vectoradd,8388608,GUIDED,256,4,OMP,4,8388608,64681000,22407000
schedule-test,8,vectoradd,8388608,GUIDED,256,4,OMP,4,8388608,87927000,29035000
schedule-test,9,vectoradd,8388608,GUIDED,256,4,OMP,4,8388608,93082000,39014000
schedule-test,10,vectoradd,8388608,GUIDED,256,4,OMP,4,8388608,73486000,27826000
schedule-test,1,vectoradd,8388608,STATIC,16,8,OMP,8,8388608,58826000,262555000
schedule-test,2,vectoradd,8388608,STATIC,16,8,OMP,8,8388608,93453000,224869000
schedule-test,3,vectoradd,8388608,STATIC,16,8,OMP,8,8388608,85338000,253029000
schedule-test,4,vectoradd,8388608,STATIC,16,8,OMP,8,8388608,56909000,256610000
schedule-test,5,vectoradd,8388608,STATIC,16,8,OMP,8,8388608,62306000,257161000
schedule-test,6,vectoradd,8388608,STATIC,16,8,OMP,8,8388608,65272000,276358000
schedule-test,7,vectoradd,8388608,STATIC,16,8,OMP,8,8388608,106765000,250864000
schedule-test,8,vectoradd,8388608,STATIC,16,8,OMP,8,8388608,61637000,252227000
schedule-test,9,vectoradd,8388608,STATIC,16,8,OMP,8,8388608,103582000,241259000
schedule-test,10,vectoradd,8388608,STATIC,16,8,OMP,8,8388608,73127000,256432000
schedule-test,1,vectoradd,8388608,STATIC,32,8,OMP,8,8388608,75063000,243222000
schedule-test,2,vectoradd,8388608,STATIC,32,8,OMP,8,8388608,95870000,231928000
schedule-test,3,vectoradd,8388608,STATIC,32,8,OMP,8,8388608,107065000,260555000
schedule-test,4,vectoradd,8388608,STATIC,32,8,OMP,8,8388608,78116000,262211000
schedule-test,5,vectoradd,8388608,STATIC,32,8,OMP,8,8388608,71664000,254645000
schedule-test,6,vectoradd,8388608,STATIC,32,8,OMP,8,8388608,73328000,259110000
schedule-test,7,vectoradd,8388608,STATIC,32,8,OMP,8,8388608,95241000,225464000
schedule-test,8,vectoradd,8388608,STATIC,32,8,OMP,8,8388608,101824000,272712000
schedule-test,9,vectoradd,8388608,STATIC,32,8,OMP,8,8388608,81275000,265716000
schedule-test,10,vectoradd,8388608,STATIC,32,8,OMP,8,8388608,126331000,253450000
schedule-test,1,vectoradd,8388608,STATIC,64,8,OMP,8,8388608,70403000,270447000
schedule-test,2,vectoradd,8388608,STATIC,64,8,OMP,8,8388608,75376000,255705000
schedule-test,3,vectoradd,8388608,STATIC,64,8,OMP,8,8388608,66102000,254439000
schedule-test,4,vectoradd,8388608,STATIC,64,8,OMP,8,8388608,86086000,246730000
schedule-test,5,vectoradd,8388608,STATIC,64,8,OMP,8,8388608,62275000,259811000
schedule-test,6,vectoradd,8388608,STATIC,64,8,OMP,8,8388608,56688000,257591000
schedule-test,7,vectoradd,8388608,STATIC,64,8,OMP,8,8388608,70551000,257744000
schedule-test,8,vectoradd,8388608,STATIC,64,8,OMP,8,8388608,80497000,259352000
schedule-test,9,vectoradd,8388608,STATIC,64,8,OMP,8,8388608,56805000,256904000
schedule-test,10,vectoradd,8388608,STATIC,64,8,OMP,8,8388608,85977000,227254000
schedule-test,1,vectoradd,8388608,STATIC,128,8,OMP,8,8388608,75928000,264631000
schedule-test,2,vectoradd,8388608,STATIC,128,8,OMP,8,8388608,73437000,273435000
schedule-test,3,vectoradd,8388608,STATIC,128,8,OMP,8,8388608,78411000,271321000
schedule-test,4,vectoradd,8388608,STATIC,128,8,OMP,8,8388608,89285000,257295000
schedule-test,5,vectoradd,8388608,STATIC,128,8,OMP,8,8388608,65197000,261851000
schedule-test,6,vectoradd,8388608,STATIC,128,8,OMP,8,8388608,99021000,264211000
schedule-test,7,vectoradd,8388608,STATIC,128,8,OMP,8,8388608,64366000,257354000
schedule-test,8,vectoradd,8388608,STATIC,128,8,OMP,8,8388608,89395000,250234000
schedule-test,9,vectoradd,8388608,STATIC,128,8,OMP,8,8388608,65900000,265114000
schedule-test,10,vectoradd,8388608,STATIC,128,8,OMP,8,8388608,63807000,257517000
schedule-test,1,vectoradd,8388608,STATIC,256,8,OMP,8,8388608,95353000,264486000
schedule-test,2,vectoradd,8388608,STATIC,256,8,OMP,8,8388608,68154000,270812000
schedule-test,3,vectoradd,8388608,STATIC,256,8,OMP,8,8388608,58393000,265839000
schedule-test,4,vectoradd,8388608,STATIC,256,8,OMP,8,8388608,63508000,265628000
schedule-test,5,vectoradd,8388608,STATIC,256,8,OMP,8,8388608,60643000,261556000
schedule-test,6,vectoradd,8388608,STATIC,256,8,OMP,8,8388608,67334000,266893000
schedule-test,7,vectoradd,8388608,STATIC,256,8,OMP,8,8388608,66421000,248640000
schedule-test,8,vectoradd,8388608,STATIC,256,8,OMP,8,8388608,71065000,256870000
schedule-test,9,vectoradd,8388608,STATIC,256,8,OMP,8,8388608,66415000,262391000
schedule-test,10,vectoradd,8388608,STATIC,256,8,OMP,8,8388608,68636000,265286000
schedule-test,1,vectoradd,8388608,DYNAMIC,16,8,OMP,8,8388608,91540000,30490000
schedule-test,2,vectoradd,8388608,DYNAMIC,16,8,OMP,8,8388608,73770000,35954000
schedule-test,3,vectoradd,8388608,DYNAMIC,16,8,OMP,8,8388608,80416000,28376000
schedule-test,4,vectoradd,8388608,DYNAMIC,16,8,OMP,8,8388608,74106000,31131000
schedule-test,5,vectoradd,8388608,DYNAMIC,16,8,OMP,8,8388608,70754000,35697000
schedule-test,6,vectoradd,8388608,DYNAMIC,16,8,OMP,8,8388608,87650000,65075000
schedule-test,7,vectoradd,8388608,DYNAMIC,16,8,OMP,8,8388608,96881000,43962000
schedule-test,8,vectoradd,8388608,DYNAMIC,16,8,OMP,8,8388608,67859000,30440000
schedule-test,9,vectoradd,8388608,DYNAMIC,16,8,OMP,8,8388608,70468000,39174000
schedule-test,10,vectoradd,8388608,DYNAMIC,16,8,OMP,8,8388608,66315000,28087000
schedule-test,1,vectoradd,8388608,DYNAMIC,32,8,OMP,8,8388608,59080000,29512000
schedule-test,2,vectoradd,8388608,DYNAMIC,32,8,OMP,8,8388608,71930000,32410000
schedule-test,3,vectoradd,8388608,DYNAMIC,32,8,OMP,8,8388608,95615000,40089000
schedule-test,4,vectoradd,8388608,DYNAMIC,32,8,OMP,8,8388608,69699000,27594000
schedule-test,5,vectoradd,8388608,DYNAMIC,32,8,OMP,8,8388608,96438000,30771000
schedule-test,6,vectoradd,8388608,DYNAMIC,32,8,OMP,8,8388608,61063000,24323000
schedule-test,7,vectoradd,8388608,DYNAMIC,32,8,OMP,8,8388608,60618000,24728000
schedule-test,8,vectoradd,8388608,DYNAMIC,32,8,OMP,8,8388608,58156000,22871000
schedule-test,9,vectoradd,8388608,DYNAMIC,32,8,OMP,8,8388608,91504000,43325000
schedule-test,10,vectoradd,8388608,DYNAMIC,32,8,OMP,8,8388608,91189000,32336000
schedule-test,1,vectoradd,8388608,DYNAMIC,64,8,OMP,8,8388608,59685000,42267000
schedule-test,2,vectoradd,8388608,DYNAMIC,64,8,OMP,8,8388608,64152000,26787000
schedule-test,3,vectoradd,8388608,DYNAMIC,64,8,OMP,8,8388608,76662000,35303000
schedule-test,4,vectoradd,8388608,DYNAMIC,64,8,OMP,8,8388608,65616000,28708000
schedule-test,5,vectoradd,8388608,DYNAMIC,64,8,OMP,8,8388608,114085000,24077000
schedule-test,6,vectoradd,8388608,DYNAMIC,64,8,OMP,8,8388608,68303000,22486000
schedule-test,7,vectoradd,8388608,DYNAMIC,64,8,OMP,8,8388608,71579000,28813000
schedule-test,8,vectoradd,8388608,DYNAMIC,64,8,OMP,8,8388608,59664000,22137000
schedule-test,9,vectoradd,8388608,DYNAMIC,64,8,OMP,8,8388608,61509000,20401000
schedule-test,10,vectoradd,8388608,DYNAMIC,64,8,OMP,8,8388608,55605000,22006000
schedule-test,1,vectoradd,8388608,DYNAMIC,128,8,OMP,8,8388608,90277000,33968000
schedule-test,2,vectoradd,8388608,DYNAMIC,128,8,OMP,8,8388608,71577000,22142000
schedule-test,3,vectoradd,8388608,DYNAMIC,128,8,OMP,8,8388608,77187000,23657000
schedule-test,4,vectoradd,8388608,DYNAMIC,128,8,OMP,8,8388608,69444000,22910000
schedule-test,5,vectoradd,8388608,DYNAMIC,128,8,OMP,8,8388608,74506000,23148000
schedule-test,6,vectoradd,8388608,DYNAMIC,128,8,OMP,8,8388608,73608000,27446000
schedule-test,7,vectoradd,8388608,DYNAMIC,128,8,OMP,8,8388608,80575000,37511000
schedule-test,8,vectoradd,8388608,DYNAMIC,128,8,OMP,8,8388608,67422000,24072000
schedule-test,9,vectoradd,8388608,DYNAMIC,128,8,OMP,8,8388608,69520000,27684000
schedule-test,10,vectoradd,8388608,DYNAMIC,128,8,OMP,8,8388608,68178000,19354000
schedule-test,1,vectoradd,8388608,DYNAMIC,256,8,OMP,8,8388608,62066000,21191000
schedule-test,2,vectoradd,8388608,DYNAMIC,256,8,OMP,8,8388608,74664000,26247000
schedule-test,3,vectoradd,8388608,DYNAMIC,256,8,OMP,8,8388608,91274000,34516000
schedule-test,4,vectoradd,8388608,DYNAMIC,256,8,OMP,8,8388608,112974000,34876000
schedule-test,5,vectoradd,8388608,DYNAMIC,256,8,OMP,8,8388608,71367000,24601000
schedule-test,6,vectoradd,8388608,DYNAMIC,256,8,OMP,8,8388608,66998000,20668000
schedule-test,7,vectoradd,8388608,DYNAMIC,256,8,OMP,8,8388608,66203000,20792000
schedule-test,8,vectoradd,8388608,DYNAMIC,256,8,OMP,8,8388608,78317000,19629000
schedule-test,9,vectoradd,8388608,DYNAMIC,256,8,OMP,8,8388608,59659000,17435000
schedule-test,10,vectoradd,8388608,DYNAMIC,256,8,OMP,8,8388608,90693000,31454000
schedule-test,1,vectoradd,8388608,GUIDED,16,8,OMP,8,8388608,70085000,17215000
schedule-test,2,vectoradd,8388608,GUIDED,16,8,OMP,8,8388608,69473000,17143000
schedule-test,3,vectoradd,8388608,GUIDED,16,8,OMP,8,8388608,64147000,22094000
schedule-test,4,vectoradd,8388608,GUIDED,16,8,OMP,8,8388608,85311000,20870000
schedule-test,5,vectoradd,8388608,GUIDED,16,8,OMP,8,8388608,61413000,17745000
schedule-test,6,vectoradd,8388608,GUIDED,16,8,OMP,8,8388608,65147000,23374000
schedule-test,7,vectoradd,8388608,GUIDED,16,8,OMP,8,8388608,95467000,32104000
schedule-test,8,vectoradd,8388608,GUIDED,16,8,OMP,8,8388608,73648000,24281000
schedule-test,9,vectoradd,8388608,GUIDED,16,8,OMP,8,8388608,67476000,18881000
schedule-test,10,vectoradd,8388608,GUIDED,16,8,OMP,8,8388608,65224000,16820000
schedule-test,1,vectoradd,8388608,GUIDED,32,8,OMP,8,8388608,66304000,19766000
schedule-test,2,vectoradd,8388608,GUIDED,32,8,OMP,8,8388608,86698000,19857000
schedule-test,3,vectoradd,8388608,GUIDED,32,8,OMP,8,8388608,60152000,17847000
schedule-test,4,vectoradd,8388608,GUIDED,32,8,OMP,8,8388608,76035000,22172000
schedule-test,5,vectoradd,8388608,GUIDED,32,8,OMP,8,8388608,86259000,31691000
schedule-test,6,vectoradd,8388608,GUIDED,32,8,OMP,8,8388608,130304000,21188000
schedule-test,7,vectoradd,8388608,GUIDED,32,8,OMP,8,8388608,57382000,17038000
schedule-test,8,vectoradd,8388608,GUIDED,32,8,OMP,8,8388608,62117000,16029000
schedule-test,9,vectoradd,8388608,GUIDED,32,8,OMP,8,8388608,60995000,17239000
schedule-test,10,vectoradd,8388608,GUIDED,32,8,OMP,8,8388608,58743000,18085000
schedule-test,1,vectoradd,8388608,GUIDED,64,8,OMP,8,8388608,56345000,16102000
schedule-test,2,vectoradd,8388608,GUIDED,64,8,OMP,8,8388608,59684000,16417000
schedule-test,3,vectoradd,8388608,GUIDED,64,8,OMP,8,8388608,73723000,21741000
schedule-test,4,vectoradd,8388608,GUIDED,64,8,OMP,8,8388608,70889000,21996000
schedule-test,5,vectoradd,8388608,GUIDED,64,8,OMP,8,8388608,94307000,21575000
schedule-test,6,vectoradd,8388608,GUIDED,64,8,OMP,8,8388608,59444000,16145000
schedule-test,7,vectoradd,8388608,GUIDED,64,8,OMP,8,8388608,59694000,19504000
schedule-test,8,vectoradd,8388608,GUIDED,64,8,OMP,8,8388608,55661000,18023000
schedule-test,9,vectoradd,8388608,GUIDED,64,8,OMP,8,8388608,57767000,15822000
schedule-test,10,vectoradd,8388608,GUIDED,64,8,OMP,8,8388608,64983000,16261000
schedule-test,1,vectoradd,8388608,GUIDED,128,8,OMP,8,8388608,103356000,25580000
schedule-test,2,vectoradd,8388608,GUIDED,128,8,OMP,8,8388608,69908000,25034000
schedule-test,3,vectoradd,8388608,GUIDED,128,8,OMP,8,8388608,59511000,17234000
schedule-test,4,vectoradd,8388608,GUIDED,128,8,OMP,8,8388608,61891000,19201000
schedule-test,5,vectoradd,8388608,GUIDED,128,8,OMP,8,8388608,60683000,15926000
schedule-test,6,vectoradd,8388608,GUIDED,128,8,OMP,8,8388608,58471000,16095000
schedule-test,7,vectoradd,8388608,GUIDED,128,8,OMP,8,8388608,57573000,16793000
schedule-test,8,vectoradd,8388608,GUIDED,128,8,OMP,8,8388608,56652000,17543000
schedule-test,9,vectoradd,8388608,GUIDED,128,8,OMP,8,8388608,62075000,23803000
schedule-test,10,vectoradd,8388608,GUIDED,128,8,OMP,8,8388608,60092000,15618000
schedule-test,1,vectoradd,8388608,GUIDED,256,8,OMP,8,8388608,59110000,15922000
schedule-test,2,vectoradd,8388608,GUIDED,256,8,OMP,8,8388608,57663000,22195000
schedule-test,3,vectoradd,8388608,GUIDED,256,8,OMP,8,8388608,78376000,22938000
schedule-test,4,vectoradd,8388608,GUIDED,256,8,OMP,8,8388608,62772000,43619000
schedule-test,5,vectoradd,8388608,GUIDED,256,8,OMP,8,8388608,59073000,15387000
schedule-test,6,vectoradd,8388608,GUIDED,256,8,OMP,8,8388608,57633000,21209000
schedule-test,7,vectoradd,8388608,GUIDED,256,8,OMP,8,8388608,59521000,16201000
schedule-test,8,vectoradd,8388608,GUIDED,256,8,OMP,8,8388608,56258000,17754000
schedule-test,9,vectoradd,8388608,GUIDED,256,8,OMP,8,8388608,58115000,17559000
schedule-test,10,vectoradd,8388608,GUIDED,256,8,OMP,8,8388608,58403000,16086000
